{
  "coverage": "49.11%",
  "expectCount": 509,
  "actualCount": 250,
  "files": {
    "src/datetime.js": {
      "expectCount": 128,
      "actualCount": 113,
      "undocumentLines": [
        43,
        49,
        58,
        72,
        98,
        115,
        135,
        140,
        170,
        187,
        198,
        231,
        256,
        269,
        303
      ]
    },
    "src/duration.js": {
      "expectCount": 50,
      "actualCount": 42,
      "undocumentLines": [
        8,
        12,
        95,
        107,
        110,
        122,
        131,
        139
      ]
    },
    "src/errors.js": {
      "expectCount": 13,
      "actualCount": 8,
      "undocumentLines": [
        12,
        21,
        30,
        44,
        58
      ]
    },
    "src/impl/conversions.js": {
      "expectCount": 12,
      "actualCount": 1,
      "undocumentLines": [
        11,
        14,
        19,
        23,
        55,
        77,
        84,
        91,
        105,
        116,
        130
      ]
    },
    "src/impl/diff.js": {
      "expectCount": 3,
      "actualCount": 0,
      "undocumentLines": [
        3,
        13,
        52
      ]
    },
    "src/impl/english.js": {
      "expectCount": 19,
      "actualCount": 1,
      "undocumentLines": [
        4,
        27,
        42,
        44,
        61,
        71,
        73,
        75,
        90,
        92,
        94,
        96,
        98,
        111,
        115,
        119,
        123,
        127
      ]
    },
    "src/impl/formats.js": {
      "expectCount": 21,
      "actualCount": 6,
      "undocumentLines": [
        10,
        16,
        22,
        28,
        35,
        40,
        46,
        53,
        60,
        121,
        129,
        138,
        147,
        157,
        167
      ]
    },
    "src/impl/formatter.js": {
      "expectCount": 16,
      "actualCount": 1,
      "undocumentLines": [
        5,
        17,
        45,
        50,
        84,
        85,
        86,
        87,
        90,
        98,
        103,
        108,
        113,
        128,
        352
      ]
    },
    "src/impl/locale.js": {
      "expectCount": 57,
      "actualCount": 3,
      "undocumentLines": [
        7,
        8,
        22,
        49,
        70,
        79,
        88,
        100,
        118,
        119,
        120,
        121,
        124,
        131,
        132,
        143,
        144,
        147,
        158,
        159,
        160,
        175,
        191,
        195,
        205,
        215,
        233,
        237,
        246,
        250,
        254,
        257,
        258,
        259,
        260,
        262,
        263,
        264,
        265,
        267,
        268,
        271,
        280,
        303,
        316,
        320,
        324,
        335,
        350,
        372,
        388,
        396,
        406,
        410
      ]
    },
    "src/impl/regexParser.js": {
      "expectCount": 24,
      "actualCount": 1,
      "undocumentLines": [
        16,
        21,
        34,
        48,
        61,
        76,
        86,
        97,
        104,
        111,
        113,
        143,
        155,
        177,
        179,
        208,
        218,
        222,
        228,
        257,
        261,
        270,
        274
      ]
    },
    "src/impl/tokenParser.js": {
      "expectCount": 13,
      "actualCount": 1,
      "undocumentLines": [
        6,
        8,
        12,
        17,
        21,
        33,
        37,
        41,
        170,
        175,
        197,
        288
      ]
    },
    "src/impl/util.js": {
      "expectCount": 23,
      "actualCount": 1,
      "undocumentLines": [
        17,
        21,
        25,
        31,
        35,
        41,
        45,
        61,
        70,
        75,
        79,
        87,
        96,
        103,
        107,
        111,
        122,
        134,
        142,
        178,
        187,
        203
      ]
    },
    "src/impl/zoneUtil.js": {
      "expectCount": 1,
      "actualCount": 0,
      "undocumentLines": [
        13
      ]
    },
    "src/info.js": {
      "expectCount": 10,
      "actualCount": 10,
      "undocumentLines": []
    },
    "src/interval.js": {
      "expectCount": 41,
      "actualCount": 39,
      "undocumentLines": [
        6,
        9
      ]
    },
    "src/settings.js": {
      "expectCount": 16,
      "actualCount": 15,
      "undocumentLines": [
        6
      ]
    },
    "src/zone.js": {
      "expectCount": 8,
      "actualCount": 8,
      "undocumentLines": []
    },
    "src/zones/IANAZone.js": {
      "expectCount": 19,
      "actualCount": 0,
      "undocumentLines": [
        4,
        5,
        21,
        30,
        37,
        51,
        52,
        56,
        66,
        76,
        78,
        79,
        82,
        86,
        90,
        94,
        98,
        110,
        114
      ]
    },
    "src/zones/fixedOffsetZone.js": {
      "expectCount": 15,
      "actualCount": 0,
      "undocumentLines": [
        4,
        6,
        14,
        15,
        22,
        26,
        36,
        38,
        41,
        45,
        49,
        53,
        57,
        61,
        65
      ]
    },
    "src/zones/invalidZone.js": {
      "expectCount": 10,
      "actualCount": 0,
      "undocumentLines": [
        3,
        5,
        6,
        13,
        17,
        21,
        25,
        29,
        33,
        37
      ]
    },
    "src/zones/localZone.js": {
      "expectCount": 10,
      "actualCount": 0,
      "undocumentLines": [
        4,
        6,
        7,
        14,
        18,
        24,
        28,
        32,
        36,
        40
      ]
    }
  }
}