{
  "type": "File",
  "start": 0,
  "end": 499,
  "loc": {
    "start": {
      "line": 1,
      "column": 0
    },
    "end": {
      "line": 41,
      "column": 0
    }
  },
  "program": {
    "type": "Program",
    "start": 0,
    "end": 499,
    "loc": {
      "start": {
        "line": 1,
        "column": 0
      },
      "end": {
        "line": 41,
        "column": 0
      }
    },
    "sourceType": "module",
    "body": [
      {
        "type": "ImportDeclaration",
        "start": 0,
        "end": 27,
        "loc": {
          "start": {
            "line": 1,
            "column": 0
          },
          "end": {
            "line": 1,
            "column": 27
          }
        },
        "specifiers": [
          {
            "type": "ImportDefaultSpecifier",
            "start": 7,
            "end": 11,
            "loc": {
              "start": {
                "line": 1,
                "column": 7
              },
              "end": {
                "line": 1,
                "column": 11
              }
            },
            "local": {
              "type": "Identifier",
              "start": 7,
              "end": 11,
              "loc": {
                "start": {
                  "line": 1,
                  "column": 7
                },
                "end": {
                  "line": 1,
                  "column": 11
                },
                "identifierName": "Zone"
              },
              "name": "Zone"
            }
          }
        ],
        "source": {
          "type": "StringLiteral",
          "start": 17,
          "end": 26,
          "loc": {
            "start": {
              "line": 1,
              "column": 17
            },
            "end": {
              "line": 1,
              "column": 26
            }
          },
          "extra": {
            "rawValue": "../zone",
            "raw": "\"../zone\""
          },
          "value": "../zone"
        }
      },
      {
        "type": "VariableDeclaration",
        "start": 29,
        "end": 50,
        "loc": {
          "start": {
            "line": 3,
            "column": 0
          },
          "end": {
            "line": 3,
            "column": 21
          }
        },
        "declarations": [
          {
            "type": "VariableDeclarator",
            "start": 33,
            "end": 49,
            "loc": {
              "start": {
                "line": 3,
                "column": 4
              },
              "end": {
                "line": 3,
                "column": 20
              }
            },
            "id": {
              "type": "Identifier",
              "start": 33,
              "end": 42,
              "loc": {
                "start": {
                  "line": 3,
                  "column": 4
                },
                "end": {
                  "line": 3,
                  "column": 13
                },
                "identifierName": "singleton"
              },
              "name": "singleton"
            },
            "init": {
              "type": "NullLiteral",
              "start": 45,
              "end": 49,
              "loc": {
                "start": {
                  "line": 3,
                  "column": 16
                },
                "end": {
                  "line": 3,
                  "column": 20
                }
              }
            }
          }
        ],
        "kind": "let"
      },
      {
        "type": "ExportDefaultDeclaration",
        "start": 52,
        "end": 498,
        "loc": {
          "start": {
            "line": 5,
            "column": 0
          },
          "end": {
            "line": 40,
            "column": 1
          }
        },
        "declaration": {
          "type": "ClassDeclaration",
          "start": 67,
          "end": 498,
          "loc": {
            "start": {
              "line": 5,
              "column": 15
            },
            "end": {
              "line": 40,
              "column": 1
            }
          },
          "id": {
            "type": "Identifier",
            "start": 73,
            "end": 84,
            "loc": {
              "start": {
                "line": 5,
                "column": 21
              },
              "end": {
                "line": 5,
                "column": 32
              },
              "identifierName": "InvalidZone"
            },
            "name": "InvalidZone"
          },
          "superClass": {
            "type": "Identifier",
            "start": 93,
            "end": 97,
            "loc": {
              "start": {
                "line": 5,
                "column": 41
              },
              "end": {
                "line": 5,
                "column": 45
              },
              "identifierName": "Zone"
            },
            "name": "Zone"
          },
          "body": {
            "type": "ClassBody",
            "start": 98,
            "end": 498,
            "loc": {
              "start": {
                "line": 5,
                "column": 46
              },
              "end": {
                "line": 40,
                "column": 1
              }
            },
            "body": [
              {
                "type": "ClassMethod",
                "start": 102,
                "end": 224,
                "loc": {
                  "start": {
                    "line": 6,
                    "column": 2
                  },
                  "end": {
                    "line": 11,
                    "column": 3
                  }
                },
                "static": true,
                "computed": false,
                "key": {
                  "type": "Identifier",
                  "start": 113,
                  "end": 121,
                  "loc": {
                    "start": {
                      "line": 6,
                      "column": 13
                    },
                    "end": {
                      "line": 6,
                      "column": 21
                    },
                    "identifierName": "instance"
                  },
                  "name": "instance"
                },
                "kind": "get",
                "id": null,
                "generator": false,
                "expression": false,
                "async": false,
                "params": [],
                "body": {
                  "type": "BlockStatement",
                  "start": 124,
                  "end": 224,
                  "loc": {
                    "start": {
                      "line": 6,
                      "column": 24
                    },
                    "end": {
                      "line": 11,
                      "column": 3
                    }
                  },
                  "body": [
                    {
                      "type": "IfStatement",
                      "start": 130,
                      "end": 198,
                      "loc": {
                        "start": {
                          "line": 7,
                          "column": 4
                        },
                        "end": {
                          "line": 9,
                          "column": 5
                        }
                      },
                      "test": {
                        "type": "BinaryExpression",
                        "start": 134,
                        "end": 152,
                        "loc": {
                          "start": {
                            "line": 7,
                            "column": 8
                          },
                          "end": {
                            "line": 7,
                            "column": 26
                          }
                        },
                        "left": {
                          "type": "Identifier",
                          "start": 134,
                          "end": 143,
                          "loc": {
                            "start": {
                              "line": 7,
                              "column": 8
                            },
                            "end": {
                              "line": 7,
                              "column": 17
                            },
                            "identifierName": "singleton"
                          },
                          "name": "singleton"
                        },
                        "operator": "===",
                        "right": {
                          "type": "NullLiteral",
                          "start": 148,
                          "end": 152,
                          "loc": {
                            "start": {
                              "line": 7,
                              "column": 22
                            },
                            "end": {
                              "line": 7,
                              "column": 26
                            }
                          }
                        }
                      },
                      "consequent": {
                        "type": "BlockStatement",
                        "start": 154,
                        "end": 198,
                        "loc": {
                          "start": {
                            "line": 7,
                            "column": 28
                          },
                          "end": {
                            "line": 9,
                            "column": 5
                          }
                        },
                        "body": [
                          {
                            "type": "ExpressionStatement",
                            "start": 162,
                            "end": 192,
                            "loc": {
                              "start": {
                                "line": 8,
                                "column": 6
                              },
                              "end": {
                                "line": 8,
                                "column": 36
                              }
                            },
                            "expression": {
                              "type": "AssignmentExpression",
                              "start": 162,
                              "end": 191,
                              "loc": {
                                "start": {
                                  "line": 8,
                                  "column": 6
                                },
                                "end": {
                                  "line": 8,
                                  "column": 35
                                }
                              },
                              "operator": "=",
                              "left": {
                                "type": "Identifier",
                                "start": 162,
                                "end": 171,
                                "loc": {
                                  "start": {
                                    "line": 8,
                                    "column": 6
                                  },
                                  "end": {
                                    "line": 8,
                                    "column": 15
                                  },
                                  "identifierName": "singleton"
                                },
                                "name": "singleton"
                              },
                              "right": {
                                "type": "NewExpression",
                                "start": 174,
                                "end": 191,
                                "loc": {
                                  "start": {
                                    "line": 8,
                                    "column": 18
                                  },
                                  "end": {
                                    "line": 8,
                                    "column": 35
                                  }
                                },
                                "callee": {
                                  "type": "Identifier",
                                  "start": 178,
                                  "end": 189,
                                  "loc": {
                                    "start": {
                                      "line": 8,
                                      "column": 22
                                    },
                                    "end": {
                                      "line": 8,
                                      "column": 33
                                    },
                                    "identifierName": "InvalidZone"
                                  },
                                  "name": "InvalidZone"
                                },
                                "arguments": []
                              }
                            }
                          }
                        ],
                        "directives": []
                      },
                      "alternate": null
                    },
                    {
                      "type": "ReturnStatement",
                      "start": 203,
                      "end": 220,
                      "loc": {
                        "start": {
                          "line": 10,
                          "column": 4
                        },
                        "end": {
                          "line": 10,
                          "column": 21
                        }
                      },
                      "argument": {
                        "type": "Identifier",
                        "start": 210,
                        "end": 219,
                        "loc": {
                          "start": {
                            "line": 10,
                            "column": 11
                          },
                          "end": {
                            "line": 10,
                            "column": 20
                          },
                          "identifierName": "singleton"
                        },
                        "name": "singleton"
                      }
                    }
                  ],
                  "directives": []
                }
              },
              {
                "type": "ClassMethod",
                "start": 228,
                "end": 266,
                "loc": {
                  "start": {
                    "line": 13,
                    "column": 2
                  },
                  "end": {
                    "line": 15,
                    "column": 3
                  }
                },
                "static": false,
                "computed": false,
                "key": {
                  "type": "Identifier",
                  "start": 232,
                  "end": 236,
                  "loc": {
                    "start": {
                      "line": 13,
                      "column": 6
                    },
                    "end": {
                      "line": 13,
                      "column": 10
                    },
                    "identifierName": "type"
                  },
                  "name": "type"
                },
                "kind": "get",
                "id": null,
                "generator": false,
                "expression": false,
                "async": false,
                "params": [],
                "body": {
                  "type": "BlockStatement",
                  "start": 239,
                  "end": 266,
                  "loc": {
                    "start": {
                      "line": 13,
                      "column": 13
                    },
                    "end": {
                      "line": 15,
                      "column": 3
                    }
                  },
                  "body": [
                    {
                      "type": "ReturnStatement",
                      "start": 245,
                      "end": 262,
                      "loc": {
                        "start": {
                          "line": 14,
                          "column": 4
                        },
                        "end": {
                          "line": 14,
                          "column": 21
                        }
                      },
                      "argument": {
                        "type": "StringLiteral",
                        "start": 252,
                        "end": 261,
                        "loc": {
                          "start": {
                            "line": 14,
                            "column": 11
                          },
                          "end": {
                            "line": 14,
                            "column": 20
                          }
                        },
                        "extra": {
                          "rawValue": "invalid",
                          "raw": "\"invalid\""
                        },
                        "value": "invalid"
                      }
                    }
                  ],
                  "directives": []
                }
              },
              {
                "type": "ClassMethod",
                "start": 270,
                "end": 303,
                "loc": {
                  "start": {
                    "line": 17,
                    "column": 2
                  },
                  "end": {
                    "line": 19,
                    "column": 3
                  }
                },
                "static": false,
                "computed": false,
                "key": {
                  "type": "Identifier",
                  "start": 274,
                  "end": 278,
                  "loc": {
                    "start": {
                      "line": 17,
                      "column": 6
                    },
                    "end": {
                      "line": 17,
                      "column": 10
                    },
                    "identifierName": "name"
                  },
                  "name": "name"
                },
                "kind": "get",
                "id": null,
                "generator": false,
                "expression": false,
                "async": false,
                "params": [],
                "body": {
                  "type": "BlockStatement",
                  "start": 281,
                  "end": 303,
                  "loc": {
                    "start": {
                      "line": 17,
                      "column": 13
                    },
                    "end": {
                      "line": 19,
                      "column": 3
                    }
                  },
                  "body": [
                    {
                      "type": "ReturnStatement",
                      "start": 287,
                      "end": 299,
                      "loc": {
                        "start": {
                          "line": 18,
                          "column": 4
                        },
                        "end": {
                          "line": 18,
                          "column": 16
                        }
                      },
                      "argument": {
                        "type": "NullLiteral",
                        "start": 294,
                        "end": 298,
                        "loc": {
                          "start": {
                            "line": 18,
                            "column": 11
                          },
                          "end": {
                            "line": 18,
                            "column": 15
                          }
                        }
                      }
                    }
                  ],
                  "directives": []
                }
              },
              {
                "type": "ClassMethod",
                "start": 307,
                "end": 346,
                "loc": {
                  "start": {
                    "line": 21,
                    "column": 2
                  },
                  "end": {
                    "line": 23,
                    "column": 3
                  }
                },
                "static": false,
                "computed": false,
                "key": {
                  "type": "Identifier",
                  "start": 311,
                  "end": 320,
                  "loc": {
                    "start": {
                      "line": 21,
                      "column": 6
                    },
                    "end": {
                      "line": 21,
                      "column": 15
                    },
                    "identifierName": "universal"
                  },
                  "name": "universal"
                },
                "kind": "get",
                "id": null,
                "generator": false,
                "expression": false,
                "async": false,
                "params": [],
                "body": {
                  "type": "BlockStatement",
                  "start": 323,
                  "end": 346,
                  "loc": {
                    "start": {
                      "line": 21,
                      "column": 18
                    },
                    "end": {
                      "line": 23,
                      "column": 3
                    }
                  },
                  "body": [
                    {
                      "type": "ReturnStatement",
                      "start": 329,
                      "end": 342,
                      "loc": {
                        "start": {
                          "line": 22,
                          "column": 4
                        },
                        "end": {
                          "line": 22,
                          "column": 17
                        }
                      },
                      "argument": {
                        "type": "BooleanLiteral",
                        "start": 336,
                        "end": 341,
                        "loc": {
                          "start": {
                            "line": 22,
                            "column": 11
                          },
                          "end": {
                            "line": 22,
                            "column": 16
                          }
                        },
                        "value": false
                      }
                    }
                  ],
                  "directives": []
                }
              },
              {
                "type": "ClassMethod",
                "start": 350,
                "end": 385,
                "loc": {
                  "start": {
                    "line": 25,
                    "column": 2
                  },
                  "end": {
                    "line": 27,
                    "column": 3
                  }
                },
                "static": false,
                "computed": false,
                "key": {
                  "type": "Identifier",
                  "start": 350,
                  "end": 360,
                  "loc": {
                    "start": {
                      "line": 25,
                      "column": 2
                    },
                    "end": {
                      "line": 25,
                      "column": 12
                    },
                    "identifierName": "offsetName"
                  },
                  "name": "offsetName"
                },
                "kind": "method",
                "id": null,
                "generator": false,
                "expression": false,
                "async": false,
                "params": [],
                "body": {
                  "type": "BlockStatement",
                  "start": 363,
                  "end": 385,
                  "loc": {
                    "start": {
                      "line": 25,
                      "column": 15
                    },
                    "end": {
                      "line": 27,
                      "column": 3
                    }
                  },
                  "body": [
                    {
                      "type": "ReturnStatement",
                      "start": 369,
                      "end": 381,
                      "loc": {
                        "start": {
                          "line": 26,
                          "column": 4
                        },
                        "end": {
                          "line": 26,
                          "column": 16
                        }
                      },
                      "argument": {
                        "type": "NullLiteral",
                        "start": 376,
                        "end": 380,
                        "loc": {
                          "start": {
                            "line": 26,
                            "column": 11
                          },
                          "end": {
                            "line": 26,
                            "column": 15
                          }
                        }
                      }
                    }
                  ],
                  "directives": []
                }
              },
              {
                "type": "ClassMethod",
                "start": 389,
                "end": 419,
                "loc": {
                  "start": {
                    "line": 29,
                    "column": 2
                  },
                  "end": {
                    "line": 31,
                    "column": 3
                  }
                },
                "static": false,
                "computed": false,
                "key": {
                  "type": "Identifier",
                  "start": 389,
                  "end": 395,
                  "loc": {
                    "start": {
                      "line": 29,
                      "column": 2
                    },
                    "end": {
                      "line": 29,
                      "column": 8
                    },
                    "identifierName": "offset"
                  },
                  "name": "offset"
                },
                "kind": "method",
                "id": null,
                "generator": false,
                "expression": false,
                "async": false,
                "params": [],
                "body": {
                  "type": "BlockStatement",
                  "start": 398,
                  "end": 419,
                  "loc": {
                    "start": {
                      "line": 29,
                      "column": 11
                    },
                    "end": {
                      "line": 31,
                      "column": 3
                    }
                  },
                  "body": [
                    {
                      "type": "ReturnStatement",
                      "start": 404,
                      "end": 415,
                      "loc": {
                        "start": {
                          "line": 30,
                          "column": 4
                        },
                        "end": {
                          "line": 30,
                          "column": 15
                        }
                      },
                      "argument": {
                        "type": "Identifier",
                        "start": 411,
                        "end": 414,
                        "loc": {
                          "start": {
                            "line": 30,
                            "column": 11
                          },
                          "end": {
                            "line": 30,
                            "column": 14
                          },
                          "identifierName": "NaN"
                        },
                        "name": "NaN"
                      }
                    }
                  ],
                  "directives": []
                }
              },
              {
                "type": "ClassMethod",
                "start": 423,
                "end": 455,
                "loc": {
                  "start": {
                    "line": 33,
                    "column": 2
                  },
                  "end": {
                    "line": 35,
                    "column": 3
                  }
                },
                "static": false,
                "computed": false,
                "key": {
                  "type": "Identifier",
                  "start": 423,
                  "end": 429,
                  "loc": {
                    "start": {
                      "line": 33,
                      "column": 2
                    },
                    "end": {
                      "line": 33,
                      "column": 8
                    },
                    "identifierName": "equals"
                  },
                  "name": "equals"
                },
                "kind": "method",
                "id": null,
                "generator": false,
                "expression": false,
                "async": false,
                "params": [],
                "body": {
                  "type": "BlockStatement",
                  "start": 432,
                  "end": 455,
                  "loc": {
                    "start": {
                      "line": 33,
                      "column": 11
                    },
                    "end": {
                      "line": 35,
                      "column": 3
                    }
                  },
                  "body": [
                    {
                      "type": "ReturnStatement",
                      "start": 438,
                      "end": 451,
                      "loc": {
                        "start": {
                          "line": 34,
                          "column": 4
                        },
                        "end": {
                          "line": 34,
                          "column": 17
                        }
                      },
                      "argument": {
                        "type": "BooleanLiteral",
                        "start": 445,
                        "end": 450,
                        "loc": {
                          "start": {
                            "line": 34,
                            "column": 11
                          },
                          "end": {
                            "line": 34,
                            "column": 16
                          }
                        },
                        "value": false
                      }
                    }
                  ],
                  "directives": []
                }
              },
              {
                "type": "ClassMethod",
                "start": 459,
                "end": 496,
                "loc": {
                  "start": {
                    "line": 37,
                    "column": 2
                  },
                  "end": {
                    "line": 39,
                    "column": 3
                  }
                },
                "static": false,
                "computed": false,
                "key": {
                  "type": "Identifier",
                  "start": 463,
                  "end": 470,
                  "loc": {
                    "start": {
                      "line": 37,
                      "column": 6
                    },
                    "end": {
                      "line": 37,
                      "column": 13
                    },
                    "identifierName": "isValid"
                  },
                  "name": "isValid"
                },
                "kind": "get",
                "id": null,
                "generator": false,
                "expression": false,
                "async": false,
                "params": [],
                "body": {
                  "type": "BlockStatement",
                  "start": 473,
                  "end": 496,
                  "loc": {
                    "start": {
                      "line": 37,
                      "column": 16
                    },
                    "end": {
                      "line": 39,
                      "column": 3
                    }
                  },
                  "body": [
                    {
                      "type": "ReturnStatement",
                      "start": 479,
                      "end": 492,
                      "loc": {
                        "start": {
                          "line": 38,
                          "column": 4
                        },
                        "end": {
                          "line": 38,
                          "column": 17
                        }
                      },
                      "argument": {
                        "type": "BooleanLiteral",
                        "start": 486,
                        "end": 491,
                        "loc": {
                          "start": {
                            "line": 38,
                            "column": 11
                          },
                          "end": {
                            "line": 38,
                            "column": 16
                          }
                        },
                        "value": false
                      }
                    }
                  ],
                  "directives": []
                }
              }
            ]
          },
          "leadingComments": [],
          "trailingComments": []
        }
      }
    ],
    "directives": []
  },
  "comments": [],
  "tokens": [
    {
      "type": {
        "label": "import",
        "keyword": "import",
        "beforeExpr": false,
        "startsExpr": true,
        "rightAssociative": false,
        "isLoop": false,
        "isAssign": false,
        "prefix": false,
        "postfix": false,
        "binop": null,
        "updateContext": null
      },
      "value": "import",
      "start": 0,
      "end": 6,
      "loc": {
        "start": {
          "line": 1,
          "column": 0
        },
        "end": {
          "line": 1,
          "column": 6
        }
      }
    },
    {
      "type": {
        "label": "name",
        "beforeExpr": false,
        "startsExpr": true,
        "rightAssociative": false,
        "isLoop": false,
        "isAssign": false,
        "prefix": false,
        "postfix": false,
        "binop": null
      },
      "value": "Zone",
      "start": 7,
      "end": 11,
      "loc": {
        "start": {
          "line": 1,
          "column": 7
        },
        "end": {
          "line": 1,
          "column": 11
        }
      }
    },
    {
      "type": {
        "label": "name",
        "beforeExpr": false,
        "startsExpr": true,
        "rightAssociative": false,
        "isLoop": false,
        "isAssign": false,
        "prefix": false,
        "postfix": false,
        "binop": null
      },
      "value": "from",
      "start": 12,
      "end": 16,
      "loc": {
        "start": {
          "line": 1,
          "column": 12
        },
        "end": {
          "line": 1,
          "column": 16
        }
      }
    },
    {
      "type": {
        "label": "string",
        "beforeExpr": false,
        "startsExpr": true,
        "rightAssociative": false,
        "isLoop": false,
        "isAssign": false,
        "prefix": false,
        "postfix": false,
        "binop": null,
        "updateContext": null
      },
      "value": "../zone",
      "start": 17,
      "end": 26,
      "loc": {
        "start": {
          "line": 1,
          "column": 17
        },
        "end": {
          "line": 1,
          "column": 26
        }
      }
    },
    {
      "type": {
        "label": ";",
        "beforeExpr": true,
        "startsExpr": false,
        "rightAssociative": false,
        "isLoop": false,
        "isAssign": false,
        "prefix": false,
        "postfix": false,
        "binop": null,
        "updateContext": null
      },
      "start": 26,
      "end": 27,
      "loc": {
        "start": {
          "line": 1,
          "column": 26
        },
        "end": {
          "line": 1,
          "column": 27
        }
      }
    },
    {
      "type": {
        "label": "let",
        "keyword": "let",
        "beforeExpr": false,
        "startsExpr": false,
        "rightAssociative": false,
        "isLoop": false,
        "isAssign": false,
        "prefix": false,
        "postfix": false,
        "binop": null,
        "updateContext": null
      },
      "value": "let",
      "start": 29,
      "end": 32,
      "loc": {
        "start": {
          "line": 3,
          "column": 0
        },
        "end": {
          "line": 3,
          "column": 3
        }
      }
    },
    {
      "type": {
        "label": "name",
        "beforeExpr": false,
        "startsExpr": true,
        "rightAssociative": false,
        "isLoop": false,
        "isAssign": false,
        "prefix": false,
        "postfix": false,
        "binop": null
      },
      "value": "singleton",
      "start": 33,
      "end": 42,
      "loc": {
        "start": {
          "line": 3,
          "column": 4
        },
        "end": {
          "line": 3,
          "column": 13
        }
      }
    },
    {
      "type": {
        "label": "=",
        "beforeExpr": true,
        "startsExpr": false,
        "rightAssociative": false,
        "isLoop": false,
        "isAssign": true,
        "prefix": false,
        "postfix": false,
        "binop": null,
        "updateContext": null
      },
      "value": "=",
      "start": 43,
      "end": 44,
      "loc": {
        "start": {
          "line": 3,
          "column": 14
        },
        "end": {
          "line": 3,
          "column": 15
        }
      }
    },
    {
      "type": {
        "label": "null",
        "keyword": "null",
        "beforeExpr": false,
        "startsExpr": true,
        "rightAssociative": false,
        "isLoop": false,
        "isAssign": false,
        "prefix": false,
        "postfix": false,
        "binop": null,
        "updateContext": null
      },
      "value": "null",
      "start": 45,
      "end": 49,
      "loc": {
        "start": {
          "line": 3,
          "column": 16
        },
        "end": {
          "line": 3,
          "column": 20
        }
      }
    },
    {
      "type": {
        "label": ";",
        "beforeExpr": true,
        "startsExpr": false,
        "rightAssociative": false,
        "isLoop": false,
        "isAssign": false,
        "prefix": false,
        "postfix": false,
        "binop": null,
        "updateContext": null
      },
      "start": 49,
      "end": 50,
      "loc": {
        "start": {
          "line": 3,
          "column": 20
        },
        "end": {
          "line": 3,
          "column": 21
        }
      }
    },
    {
      "type": {
        "label": "export",
        "keyword": "export",
        "beforeExpr": false,
        "startsExpr": false,
        "rightAssociative": false,
        "isLoop": false,
        "isAssign": false,
        "prefix": false,
        "postfix": false,
        "binop": null,
        "updateContext": null
      },
      "value": "export",
      "start": 52,
      "end": 58,
      "loc": {
        "start": {
          "line": 5,
          "column": 0
        },
        "end": {
          "line": 5,
          "column": 6
        }
      }
    },
    {
      "type": {
        "label": "default",
        "keyword": "default",
        "beforeExpr": true,
        "startsExpr": false,
        "rightAssociative": false,
        "isLoop": false,
        "isAssign": false,
        "prefix": false,
        "postfix": false,
        "binop": null,
        "updateContext": null
      },
      "value": "default",
      "start": 59,
      "end": 66,
      "loc": {
        "start": {
          "line": 5,
          "column": 7
        },
        "end": {
          "line": 5,
          "column": 14
        }
      }
    },
    {
      "type": {
        "label": "class",
        "keyword": "class",
        "beforeExpr": false,
        "startsExpr": false,
        "rightAssociative": false,
        "isLoop": false,
        "isAssign": false,
        "prefix": false,
        "postfix": false,
        "binop": null,
        "updateContext": null
      },
      "value": "class",
      "start": 67,
      "end": 72,
      "loc": {
        "start": {
          "line": 5,
          "column": 15
        },
        "end": {
          "line": 5,
          "column": 20
        }
      }
    },
    {
      "type": {
        "label": "name",
        "beforeExpr": false,
        "startsExpr": true,
        "rightAssociative": false,
        "isLoop": false,
        "isAssign": false,
        "prefix": false,
        "postfix": false,
        "binop": null
      },
      "value": "InvalidZone",
      "start": 73,
      "end": 84,
      "loc": {
        "start": {
          "line": 5,
          "column": 21
        },
        "end": {
          "line": 5,
          "column": 32
        }
      }
    },
    {
      "type": {
        "label": "extends",
        "keyword": "extends",
        "beforeExpr": true,
        "startsExpr": false,
        "rightAssociative": false,
        "isLoop": false,
        "isAssign": false,
        "prefix": false,
        "postfix": false,
        "binop": null,
        "updateContext": null
      },
      "value": "extends",
      "start": 85,
      "end": 92,
      "loc": {
        "start": {
          "line": 5,
          "column": 33
        },
        "end": {
          "line": 5,
          "column": 40
        }
      }
    },
    {
      "type": {
        "label": "name",
        "beforeExpr": false,
        "startsExpr": true,
        "rightAssociative": false,
        "isLoop": false,
        "isAssign": false,
        "prefix": false,
        "postfix": false,
        "binop": null
      },
      "value": "Zone",
      "start": 93,
      "end": 97,
      "loc": {
        "start": {
          "line": 5,
          "column": 41
        },
        "end": {
          "line": 5,
          "column": 45
        }
      }
    },
    {
      "type": {
        "label": "{",
        "beforeExpr": true,
        "startsExpr": true,
        "rightAssociative": false,
        "isLoop": false,
        "isAssign": false,
        "prefix": false,
        "postfix": false,
        "binop": null
      },
      "start": 98,
      "end": 99,
      "loc": {
        "start": {
          "line": 5,
          "column": 46
        },
        "end": {
          "line": 5,
          "column": 47
        }
      }
    },
    {
      "type": {
        "label": "name",
        "beforeExpr": false,
        "startsExpr": true,
        "rightAssociative": false,
        "isLoop": false,
        "isAssign": false,
        "prefix": false,
        "postfix": false,
        "binop": null
      },
      "value": "static",
      "start": 102,
      "end": 108,
      "loc": {
        "start": {
          "line": 6,
          "column": 2
        },
        "end": {
          "line": 6,
          "column": 8
        }
      }
    },
    {
      "type": {
        "label": "name",
        "beforeExpr": false,
        "startsExpr": true,
        "rightAssociative": false,
        "isLoop": false,
        "isAssign": false,
        "prefix": false,
        "postfix": false,
        "binop": null
      },
      "value": "get",
      "start": 109,
      "end": 112,
      "loc": {
        "start": {
          "line": 6,
          "column": 9
        },
        "end": {
          "line": 6,
          "column": 12
        }
      }
    },
    {
      "type": {
        "label": "name",
        "beforeExpr": false,
        "startsExpr": true,
        "rightAssociative": false,
        "isLoop": false,
        "isAssign": false,
        "prefix": false,
        "postfix": false,
        "binop": null
      },
      "value": "instance",
      "start": 113,
      "end": 121,
      "loc": {
        "start": {
          "line": 6,
          "column": 13
        },
        "end": {
          "line": 6,
          "column": 21
        }
      }
    },
    {
      "type": {
        "label": "(",
        "beforeExpr": true,
        "startsExpr": true,
        "rightAssociative": false,
        "isLoop": false,
        "isAssign": false,
        "prefix": false,
        "postfix": false,
        "binop": null
      },
      "start": 121,
      "end": 122,
      "loc": {
        "start": {
          "line": 6,
          "column": 21
        },
        "end": {
          "line": 6,
          "column": 22
        }
      }
    },
    {
      "type": {
        "label": ")",
        "beforeExpr": false,
        "startsExpr": false,
        "rightAssociative": false,
        "isLoop": false,
        "isAssign": false,
        "prefix": false,
        "postfix": false,
        "binop": null
      },
      "start": 122,
      "end": 123,
      "loc": {
        "start": {
          "line": 6,
          "column": 22
        },
        "end": {
          "line": 6,
          "column": 23
        }
      }
    },
    {
      "type": {
        "label": "{",
        "beforeExpr": true,
        "startsExpr": true,
        "rightAssociative": false,
        "isLoop": false,
        "isAssign": false,
        "prefix": false,
        "postfix": false,
        "binop": null
      },
      "start": 124,
      "end": 125,
      "loc": {
        "start": {
          "line": 6,
          "column": 24
        },
        "end": {
          "line": 6,
          "column": 25
        }
      }
    },
    {
      "type": {
        "label": "if",
        "keyword": "if",
        "beforeExpr": false,
        "startsExpr": false,
        "rightAssociative": false,
        "isLoop": false,
        "isAssign": false,
        "prefix": false,
        "postfix": false,
        "binop": null,
        "updateContext": null
      },
      "value": "if",
      "start": 130,
      "end": 132,
      "loc": {
        "start": {
          "line": 7,
          "column": 4
        },
        "end": {
          "line": 7,
          "column": 6
        }
      }
    },
    {
      "type": {
        "label": "(",
        "beforeExpr": true,
        "startsExpr": true,
        "rightAssociative": false,
        "isLoop": false,
        "isAssign": false,
        "prefix": false,
        "postfix": false,
        "binop": null
      },
      "start": 133,
      "end": 134,
      "loc": {
        "start": {
          "line": 7,
          "column": 7
        },
        "end": {
          "line": 7,
          "column": 8
        }
      }
    },
    {
      "type": {
        "label": "name",
        "beforeExpr": false,
        "startsExpr": true,
        "rightAssociative": false,
        "isLoop": false,
        "isAssign": false,
        "prefix": false,
        "postfix": false,
        "binop": null
      },
      "value": "singleton",
      "start": 134,
      "end": 143,
      "loc": {
        "start": {
          "line": 7,
          "column": 8
        },
        "end": {
          "line": 7,
          "column": 17
        }
      }
    },
    {
      "type": {
        "label": "==/!=",
        "beforeExpr": true,
        "startsExpr": false,
        "rightAssociative": false,
        "isLoop": false,
        "isAssign": false,
        "prefix": false,
        "postfix": false,
        "binop": 6,
        "updateContext": null
      },
      "value": "===",
      "start": 144,
      "end": 147,
      "loc": {
        "start": {
          "line": 7,
          "column": 18
        },
        "end": {
          "line": 7,
          "column": 21
        }
      }
    },
    {
      "type": {
        "label": "null",
        "keyword": "null",
        "beforeExpr": false,
        "startsExpr": true,
        "rightAssociative": false,
        "isLoop": false,
        "isAssign": false,
        "prefix": false,
        "postfix": false,
        "binop": null,
        "updateContext": null
      },
      "value": "null",
      "start": 148,
      "end": 152,
      "loc": {
        "start": {
          "line": 7,
          "column": 22
        },
        "end": {
          "line": 7,
          "column": 26
        }
      }
    },
    {
      "type": {
        "label": ")",
        "beforeExpr": false,
        "startsExpr": false,
        "rightAssociative": false,
        "isLoop": false,
        "isAssign": false,
        "prefix": false,
        "postfix": false,
        "binop": null
      },
      "start": 152,
      "end": 153,
      "loc": {
        "start": {
          "line": 7,
          "column": 26
        },
        "end": {
          "line": 7,
          "column": 27
        }
      }
    },
    {
      "type": {
        "label": "{",
        "beforeExpr": true,
        "startsExpr": true,
        "rightAssociative": false,
        "isLoop": false,
        "isAssign": false,
        "prefix": false,
        "postfix": false,
        "binop": null
      },
      "start": 154,
      "end": 155,
      "loc": {
        "start": {
          "line": 7,
          "column": 28
        },
        "end": {
          "line": 7,
          "column": 29
        }
      }
    },
    {
      "type": {
        "label": "name",
        "beforeExpr": false,
        "startsExpr": true,
        "rightAssociative": false,
        "isLoop": false,
        "isAssign": false,
        "prefix": false,
        "postfix": false,
        "binop": null
      },
      "value": "singleton",
      "start": 162,
      "end": 171,
      "loc": {
        "start": {
          "line": 8,
          "column": 6
        },
        "end": {
          "line": 8,
          "column": 15
        }
      }
    },
    {
      "type": {
        "label": "=",
        "beforeExpr": true,
        "startsExpr": false,
        "rightAssociative": false,
        "isLoop": false,
        "isAssign": true,
        "prefix": false,
        "postfix": false,
        "binop": null,
        "updateContext": null
      },
      "value": "=",
      "start": 172,
      "end": 173,
      "loc": {
        "start": {
          "line": 8,
          "column": 16
        },
        "end": {
          "line": 8,
          "column": 17
        }
      }
    },
    {
      "type": {
        "label": "new",
        "keyword": "new",
        "beforeExpr": true,
        "startsExpr": true,
        "rightAssociative": false,
        "isLoop": false,
        "isAssign": false,
        "prefix": false,
        "postfix": false,
        "binop": null,
        "updateContext": null
      },
      "value": "new",
      "start": 174,
      "end": 177,
      "loc": {
        "start": {
          "line": 8,
          "column": 18
        },
        "end": {
          "line": 8,
          "column": 21
        }
      }
    },
    {
      "type": {
        "label": "name",
        "beforeExpr": false,
        "startsExpr": true,
        "rightAssociative": false,
        "isLoop": false,
        "isAssign": false,
        "prefix": false,
        "postfix": false,
        "binop": null
      },
      "value": "InvalidZone",
      "start": 178,
      "end": 189,
      "loc": {
        "start": {
          "line": 8,
          "column": 22
        },
        "end": {
          "line": 8,
          "column": 33
        }
      }
    },
    {
      "type": {
        "label": "(",
        "beforeExpr": true,
        "startsExpr": true,
        "rightAssociative": false,
        "isLoop": false,
        "isAssign": false,
        "prefix": false,
        "postfix": false,
        "binop": null
      },
      "start": 189,
      "end": 190,
      "loc": {
        "start": {
          "line": 8,
          "column": 33
        },
        "end": {
          "line": 8,
          "column": 34
        }
      }
    },
    {
      "type": {
        "label": ")",
        "beforeExpr": false,
        "startsExpr": false,
        "rightAssociative": false,
        "isLoop": false,
        "isAssign": false,
        "prefix": false,
        "postfix": false,
        "binop": null
      },
      "start": 190,
      "end": 191,
      "loc": {
        "start": {
          "line": 8,
          "column": 34
        },
        "end": {
          "line": 8,
          "column": 35
        }
      }
    },
    {
      "type": {
        "label": ";",
        "beforeExpr": true,
        "startsExpr": false,
        "rightAssociative": false,
        "isLoop": false,
        "isAssign": false,
        "prefix": false,
        "postfix": false,
        "binop": null,
        "updateContext": null
      },
      "start": 191,
      "end": 192,
      "loc": {
        "start": {
          "line": 8,
          "column": 35
        },
        "end": {
          "line": 8,
          "column": 36
        }
      }
    },
    {
      "type": {
        "label": "}",
        "beforeExpr": false,
        "startsExpr": false,
        "rightAssociative": false,
        "isLoop": false,
        "isAssign": false,
        "prefix": false,
        "postfix": false,
        "binop": null
      },
      "start": 197,
      "end": 198,
      "loc": {
        "start": {
          "line": 9,
          "column": 4
        },
        "end": {
          "line": 9,
          "column": 5
        }
      }
    },
    {
      "type": {
        "label": "return",
        "keyword": "return",
        "beforeExpr": true,
        "startsExpr": false,
        "rightAssociative": false,
        "isLoop": false,
        "isAssign": false,
        "prefix": false,
        "postfix": false,
        "binop": null,
        "updateContext": null
      },
      "value": "return",
      "start": 203,
      "end": 209,
      "loc": {
        "start": {
          "line": 10,
          "column": 4
        },
        "end": {
          "line": 10,
          "column": 10
        }
      }
    },
    {
      "type": {
        "label": "name",
        "beforeExpr": false,
        "startsExpr": true,
        "rightAssociative": false,
        "isLoop": false,
        "isAssign": false,
        "prefix": false,
        "postfix": false,
        "binop": null
      },
      "value": "singleton",
      "start": 210,
      "end": 219,
      "loc": {
        "start": {
          "line": 10,
          "column": 11
        },
        "end": {
          "line": 10,
          "column": 20
        }
      }
    },
    {
      "type": {
        "label": ";",
        "beforeExpr": true,
        "startsExpr": false,
        "rightAssociative": false,
        "isLoop": false,
        "isAssign": false,
        "prefix": false,
        "postfix": false,
        "binop": null,
        "updateContext": null
      },
      "start": 219,
      "end": 220,
      "loc": {
        "start": {
          "line": 10,
          "column": 20
        },
        "end": {
          "line": 10,
          "column": 21
        }
      }
    },
    {
      "type": {
        "label": "}",
        "beforeExpr": false,
        "startsExpr": false,
        "rightAssociative": false,
        "isLoop": false,
        "isAssign": false,
        "prefix": false,
        "postfix": false,
        "binop": null
      },
      "start": 223,
      "end": 224,
      "loc": {
        "start": {
          "line": 11,
          "column": 2
        },
        "end": {
          "line": 11,
          "column": 3
        }
      }
    },
    {
      "type": {
        "label": "name",
        "beforeExpr": false,
        "startsExpr": true,
        "rightAssociative": false,
        "isLoop": false,
        "isAssign": false,
        "prefix": false,
        "postfix": false,
        "binop": null
      },
      "value": "get",
      "start": 228,
      "end": 231,
      "loc": {
        "start": {
          "line": 13,
          "column": 2
        },
        "end": {
          "line": 13,
          "column": 5
        }
      }
    },
    {
      "type": {
        "label": "name",
        "beforeExpr": false,
        "startsExpr": true,
        "rightAssociative": false,
        "isLoop": false,
        "isAssign": false,
        "prefix": false,
        "postfix": false,
        "binop": null
      },
      "value": "type",
      "start": 232,
      "end": 236,
      "loc": {
        "start": {
          "line": 13,
          "column": 6
        },
        "end": {
          "line": 13,
          "column": 10
        }
      }
    },
    {
      "type": {
        "label": "(",
        "beforeExpr": true,
        "startsExpr": true,
        "rightAssociative": false,
        "isLoop": false,
        "isAssign": false,
        "prefix": false,
        "postfix": false,
        "binop": null
      },
      "start": 236,
      "end": 237,
      "loc": {
        "start": {
          "line": 13,
          "column": 10
        },
        "end": {
          "line": 13,
          "column": 11
        }
      }
    },
    {
      "type": {
        "label": ")",
        "beforeExpr": false,
        "startsExpr": false,
        "rightAssociative": false,
        "isLoop": false,
        "isAssign": false,
        "prefix": false,
        "postfix": false,
        "binop": null
      },
      "start": 237,
      "end": 238,
      "loc": {
        "start": {
          "line": 13,
          "column": 11
        },
        "end": {
          "line": 13,
          "column": 12
        }
      }
    },
    {
      "type": {
        "label": "{",
        "beforeExpr": true,
        "startsExpr": true,
        "rightAssociative": false,
        "isLoop": false,
        "isAssign": false,
        "prefix": false,
        "postfix": false,
        "binop": null
      },
      "start": 239,
      "end": 240,
      "loc": {
        "start": {
          "line": 13,
          "column": 13
        },
        "end": {
          "line": 13,
          "column": 14
        }
      }
    },
    {
      "type": {
        "label": "return",
        "keyword": "return",
        "beforeExpr": true,
        "startsExpr": false,
        "rightAssociative": false,
        "isLoop": false,
        "isAssign": false,
        "prefix": false,
        "postfix": false,
        "binop": null,
        "updateContext": null
      },
      "value": "return",
      "start": 245,
      "end": 251,
      "loc": {
        "start": {
          "line": 14,
          "column": 4
        },
        "end": {
          "line": 14,
          "column": 10
        }
      }
    },
    {
      "type": {
        "label": "string",
        "beforeExpr": false,
        "startsExpr": true,
        "rightAssociative": false,
        "isLoop": false,
        "isAssign": false,
        "prefix": false,
        "postfix": false,
        "binop": null,
        "updateContext": null
      },
      "value": "invalid",
      "start": 252,
      "end": 261,
      "loc": {
        "start": {
          "line": 14,
          "column": 11
        },
        "end": {
          "line": 14,
          "column": 20
        }
      }
    },
    {
      "type": {
        "label": ";",
        "beforeExpr": true,
        "startsExpr": false,
        "rightAssociative": false,
        "isLoop": false,
        "isAssign": false,
        "prefix": false,
        "postfix": false,
        "binop": null,
        "updateContext": null
      },
      "start": 261,
      "end": 262,
      "loc": {
        "start": {
          "line": 14,
          "column": 20
        },
        "end": {
          "line": 14,
          "column": 21
        }
      }
    },
    {
      "type": {
        "label": "}",
        "beforeExpr": false,
        "startsExpr": false,
        "rightAssociative": false,
        "isLoop": false,
        "isAssign": false,
        "prefix": false,
        "postfix": false,
        "binop": null
      },
      "start": 265,
      "end": 266,
      "loc": {
        "start": {
          "line": 15,
          "column": 2
        },
        "end": {
          "line": 15,
          "column": 3
        }
      }
    },
    {
      "type": {
        "label": "name",
        "beforeExpr": false,
        "startsExpr": true,
        "rightAssociative": false,
        "isLoop": false,
        "isAssign": false,
        "prefix": false,
        "postfix": false,
        "binop": null
      },
      "value": "get",
      "start": 270,
      "end": 273,
      "loc": {
        "start": {
          "line": 17,
          "column": 2
        },
        "end": {
          "line": 17,
          "column": 5
        }
      }
    },
    {
      "type": {
        "label": "name",
        "beforeExpr": false,
        "startsExpr": true,
        "rightAssociative": false,
        "isLoop": false,
        "isAssign": false,
        "prefix": false,
        "postfix": false,
        "binop": null
      },
      "value": "name",
      "start": 274,
      "end": 278,
      "loc": {
        "start": {
          "line": 17,
          "column": 6
        },
        "end": {
          "line": 17,
          "column": 10
        }
      }
    },
    {
      "type": {
        "label": "(",
        "beforeExpr": true,
        "startsExpr": true,
        "rightAssociative": false,
        "isLoop": false,
        "isAssign": false,
        "prefix": false,
        "postfix": false,
        "binop": null
      },
      "start": 278,
      "end": 279,
      "loc": {
        "start": {
          "line": 17,
          "column": 10
        },
        "end": {
          "line": 17,
          "column": 11
        }
      }
    },
    {
      "type": {
        "label": ")",
        "beforeExpr": false,
        "startsExpr": false,
        "rightAssociative": false,
        "isLoop": false,
        "isAssign": false,
        "prefix": false,
        "postfix": false,
        "binop": null
      },
      "start": 279,
      "end": 280,
      "loc": {
        "start": {
          "line": 17,
          "column": 11
        },
        "end": {
          "line": 17,
          "column": 12
        }
      }
    },
    {
      "type": {
        "label": "{",
        "beforeExpr": true,
        "startsExpr": true,
        "rightAssociative": false,
        "isLoop": false,
        "isAssign": false,
        "prefix": false,
        "postfix": false,
        "binop": null
      },
      "start": 281,
      "end": 282,
      "loc": {
        "start": {
          "line": 17,
          "column": 13
        },
        "end": {
          "line": 17,
          "column": 14
        }
      }
    },
    {
      "type": {
        "label": "return",
        "keyword": "return",
        "beforeExpr": true,
        "startsExpr": false,
        "rightAssociative": false,
        "isLoop": false,
        "isAssign": false,
        "prefix": false,
        "postfix": false,
        "binop": null,
        "updateContext": null
      },
      "value": "return",
      "start": 287,
      "end": 293,
      "loc": {
        "start": {
          "line": 18,
          "column": 4
        },
        "end": {
          "line": 18,
          "column": 10
        }
      }
    },
    {
      "type": {
        "label": "null",
        "keyword": "null",
        "beforeExpr": false,
        "startsExpr": true,
        "rightAssociative": false,
        "isLoop": false,
        "isAssign": false,
        "prefix": false,
        "postfix": false,
        "binop": null,
        "updateContext": null
      },
      "value": "null",
      "start": 294,
      "end": 298,
      "loc": {
        "start": {
          "line": 18,
          "column": 11
        },
        "end": {
          "line": 18,
          "column": 15
        }
      }
    },
    {
      "type": {
        "label": ";",
        "beforeExpr": true,
        "startsExpr": false,
        "rightAssociative": false,
        "isLoop": false,
        "isAssign": false,
        "prefix": false,
        "postfix": false,
        "binop": null,
        "updateContext": null
      },
      "start": 298,
      "end": 299,
      "loc": {
        "start": {
          "line": 18,
          "column": 15
        },
        "end": {
          "line": 18,
          "column": 16
        }
      }
    },
    {
      "type": {
        "label": "}",
        "beforeExpr": false,
        "startsExpr": false,
        "rightAssociative": false,
        "isLoop": false,
        "isAssign": false,
        "prefix": false,
        "postfix": false,
        "binop": null
      },
      "start": 302,
      "end": 303,
      "loc": {
        "start": {
          "line": 19,
          "column": 2
        },
        "end": {
          "line": 19,
          "column": 3
        }
      }
    },
    {
      "type": {
        "label": "name",
        "beforeExpr": false,
        "startsExpr": true,
        "rightAssociative": false,
        "isLoop": false,
        "isAssign": false,
        "prefix": false,
        "postfix": false,
        "binop": null
      },
      "value": "get",
      "start": 307,
      "end": 310,
      "loc": {
        "start": {
          "line": 21,
          "column": 2
        },
        "end": {
          "line": 21,
          "column": 5
        }
      }
    },
    {
      "type": {
        "label": "name",
        "beforeExpr": false,
        "startsExpr": true,
        "rightAssociative": false,
        "isLoop": false,
        "isAssign": false,
        "prefix": false,
        "postfix": false,
        "binop": null
      },
      "value": "universal",
      "start": 311,
      "end": 320,
      "loc": {
        "start": {
          "line": 21,
          "column": 6
        },
        "end": {
          "line": 21,
          "column": 15
        }
      }
    },
    {
      "type": {
        "label": "(",
        "beforeExpr": true,
        "startsExpr": true,
        "rightAssociative": false,
        "isLoop": false,
        "isAssign": false,
        "prefix": false,
        "postfix": false,
        "binop": null
      },
      "start": 320,
      "end": 321,
      "loc": {
        "start": {
          "line": 21,
          "column": 15
        },
        "end": {
          "line": 21,
          "column": 16
        }
      }
    },
    {
      "type": {
        "label": ")",
        "beforeExpr": false,
        "startsExpr": false,
        "rightAssociative": false,
        "isLoop": false,
        "isAssign": false,
        "prefix": false,
        "postfix": false,
        "binop": null
      },
      "start": 321,
      "end": 322,
      "loc": {
        "start": {
          "line": 21,
          "column": 16
        },
        "end": {
          "line": 21,
          "column": 17
        }
      }
    },
    {
      "type": {
        "label": "{",
        "beforeExpr": true,
        "startsExpr": true,
        "rightAssociative": false,
        "isLoop": false,
        "isAssign": false,
        "prefix": false,
        "postfix": false,
        "binop": null
      },
      "start": 323,
      "end": 324,
      "loc": {
        "start": {
          "line": 21,
          "column": 18
        },
        "end": {
          "line": 21,
          "column": 19
        }
      }
    },
    {
      "type": {
        "label": "return",
        "keyword": "return",
        "beforeExpr": true,
        "startsExpr": false,
        "rightAssociative": false,
        "isLoop": false,
        "isAssign": false,
        "prefix": false,
        "postfix": false,
        "binop": null,
        "updateContext": null
      },
      "value": "return",
      "start": 329,
      "end": 335,
      "loc": {
        "start": {
          "line": 22,
          "column": 4
        },
        "end": {
          "line": 22,
          "column": 10
        }
      }
    },
    {
      "type": {
        "label": "false",
        "keyword": "false",
        "beforeExpr": false,
        "startsExpr": true,
        "rightAssociative": false,
        "isLoop": false,
        "isAssign": false,
        "prefix": false,
        "postfix": false,
        "binop": null,
        "updateContext": null
      },
      "value": "false",
      "start": 336,
      "end": 341,
      "loc": {
        "start": {
          "line": 22,
          "column": 11
        },
        "end": {
          "line": 22,
          "column": 16
        }
      }
    },
    {
      "type": {
        "label": ";",
        "beforeExpr": true,
        "startsExpr": false,
        "rightAssociative": false,
        "isLoop": false,
        "isAssign": false,
        "prefix": false,
        "postfix": false,
        "binop": null,
        "updateContext": null
      },
      "start": 341,
      "end": 342,
      "loc": {
        "start": {
          "line": 22,
          "column": 16
        },
        "end": {
          "line": 22,
          "column": 17
        }
      }
    },
    {
      "type": {
        "label": "}",
        "beforeExpr": false,
        "startsExpr": false,
        "rightAssociative": false,
        "isLoop": false,
        "isAssign": false,
        "prefix": false,
        "postfix": false,
        "binop": null
      },
      "start": 345,
      "end": 346,
      "loc": {
        "start": {
          "line": 23,
          "column": 2
        },
        "end": {
          "line": 23,
          "column": 3
        }
      }
    },
    {
      "type": {
        "label": "name",
        "beforeExpr": false,
        "startsExpr": true,
        "rightAssociative": false,
        "isLoop": false,
        "isAssign": false,
        "prefix": false,
        "postfix": false,
        "binop": null
      },
      "value": "offsetName",
      "start": 350,
      "end": 360,
      "loc": {
        "start": {
          "line": 25,
          "column": 2
        },
        "end": {
          "line": 25,
          "column": 12
        }
      }
    },
    {
      "type": {
        "label": "(",
        "beforeExpr": true,
        "startsExpr": true,
        "rightAssociative": false,
        "isLoop": false,
        "isAssign": false,
        "prefix": false,
        "postfix": false,
        "binop": null
      },
      "start": 360,
      "end": 361,
      "loc": {
        "start": {
          "line": 25,
          "column": 12
        },
        "end": {
          "line": 25,
          "column": 13
        }
      }
    },
    {
      "type": {
        "label": ")",
        "beforeExpr": false,
        "startsExpr": false,
        "rightAssociative": false,
        "isLoop": false,
        "isAssign": false,
        "prefix": false,
        "postfix": false,
        "binop": null
      },
      "start": 361,
      "end": 362,
      "loc": {
        "start": {
          "line": 25,
          "column": 13
        },
        "end": {
          "line": 25,
          "column": 14
        }
      }
    },
    {
      "type": {
        "label": "{",
        "beforeExpr": true,
        "startsExpr": true,
        "rightAssociative": false,
        "isLoop": false,
        "isAssign": false,
        "prefix": false,
        "postfix": false,
        "binop": null
      },
      "start": 363,
      "end": 364,
      "loc": {
        "start": {
          "line": 25,
          "column": 15
        },
        "end": {
          "line": 25,
          "column": 16
        }
      }
    },
    {
      "type": {
        "label": "return",
        "keyword": "return",
        "beforeExpr": true,
        "startsExpr": false,
        "rightAssociative": false,
        "isLoop": false,
        "isAssign": false,
        "prefix": false,
        "postfix": false,
        "binop": null,
        "updateContext": null
      },
      "value": "return",
      "start": 369,
      "end": 375,
      "loc": {
        "start": {
          "line": 26,
          "column": 4
        },
        "end": {
          "line": 26,
          "column": 10
        }
      }
    },
    {
      "type": {
        "label": "null",
        "keyword": "null",
        "beforeExpr": false,
        "startsExpr": true,
        "rightAssociative": false,
        "isLoop": false,
        "isAssign": false,
        "prefix": false,
        "postfix": false,
        "binop": null,
        "updateContext": null
      },
      "value": "null",
      "start": 376,
      "end": 380,
      "loc": {
        "start": {
          "line": 26,
          "column": 11
        },
        "end": {
          "line": 26,
          "column": 15
        }
      }
    },
    {
      "type": {
        "label": ";",
        "beforeExpr": true,
        "startsExpr": false,
        "rightAssociative": false,
        "isLoop": false,
        "isAssign": false,
        "prefix": false,
        "postfix": false,
        "binop": null,
        "updateContext": null
      },
      "start": 380,
      "end": 381,
      "loc": {
        "start": {
          "line": 26,
          "column": 15
        },
        "end": {
          "line": 26,
          "column": 16
        }
      }
    },
    {
      "type": {
        "label": "}",
        "beforeExpr": false,
        "startsExpr": false,
        "rightAssociative": false,
        "isLoop": false,
        "isAssign": false,
        "prefix": false,
        "postfix": false,
        "binop": null
      },
      "start": 384,
      "end": 385,
      "loc": {
        "start": {
          "line": 27,
          "column": 2
        },
        "end": {
          "line": 27,
          "column": 3
        }
      }
    },
    {
      "type": {
        "label": "name",
        "beforeExpr": false,
        "startsExpr": true,
        "rightAssociative": false,
        "isLoop": false,
        "isAssign": false,
        "prefix": false,
        "postfix": false,
        "binop": null
      },
      "value": "offset",
      "start": 389,
      "end": 395,
      "loc": {
        "start": {
          "line": 29,
          "column": 2
        },
        "end": {
          "line": 29,
          "column": 8
        }
      }
    },
    {
      "type": {
        "label": "(",
        "beforeExpr": true,
        "startsExpr": true,
        "rightAssociative": false,
        "isLoop": false,
        "isAssign": false,
        "prefix": false,
        "postfix": false,
        "binop": null
      },
      "start": 395,
      "end": 396,
      "loc": {
        "start": {
          "line": 29,
          "column": 8
        },
        "end": {
          "line": 29,
          "column": 9
        }
      }
    },
    {
      "type": {
        "label": ")",
        "beforeExpr": false,
        "startsExpr": false,
        "rightAssociative": false,
        "isLoop": false,
        "isAssign": false,
        "prefix": false,
        "postfix": false,
        "binop": null
      },
      "start": 396,
      "end": 397,
      "loc": {
        "start": {
          "line": 29,
          "column": 9
        },
        "end": {
          "line": 29,
          "column": 10
        }
      }
    },
    {
      "type": {
        "label": "{",
        "beforeExpr": true,
        "startsExpr": true,
        "rightAssociative": false,
        "isLoop": false,
        "isAssign": false,
        "prefix": false,
        "postfix": false,
        "binop": null
      },
      "start": 398,
      "end": 399,
      "loc": {
        "start": {
          "line": 29,
          "column": 11
        },
        "end": {
          "line": 29,
          "column": 12
        }
      }
    },
    {
      "type": {
        "label": "return",
        "keyword": "return",
        "beforeExpr": true,
        "startsExpr": false,
        "rightAssociative": false,
        "isLoop": false,
        "isAssign": false,
        "prefix": false,
        "postfix": false,
        "binop": null,
        "updateContext": null
      },
      "value": "return",
      "start": 404,
      "end": 410,
      "loc": {
        "start": {
          "line": 30,
          "column": 4
        },
        "end": {
          "line": 30,
          "column": 10
        }
      }
    },
    {
      "type": {
        "label": "name",
        "beforeExpr": false,
        "startsExpr": true,
        "rightAssociative": false,
        "isLoop": false,
        "isAssign": false,
        "prefix": false,
        "postfix": false,
        "binop": null
      },
      "value": "NaN",
      "start": 411,
      "end": 414,
      "loc": {
        "start": {
          "line": 30,
          "column": 11
        },
        "end": {
          "line": 30,
          "column": 14
        }
      }
    },
    {
      "type": {
        "label": ";",
        "beforeExpr": true,
        "startsExpr": false,
        "rightAssociative": false,
        "isLoop": false,
        "isAssign": false,
        "prefix": false,
        "postfix": false,
        "binop": null,
        "updateContext": null
      },
      "start": 414,
      "end": 415,
      "loc": {
        "start": {
          "line": 30,
          "column": 14
        },
        "end": {
          "line": 30,
          "column": 15
        }
      }
    },
    {
      "type": {
        "label": "}",
        "beforeExpr": false,
        "startsExpr": false,
        "rightAssociative": false,
        "isLoop": false,
        "isAssign": false,
        "prefix": false,
        "postfix": false,
        "binop": null
      },
      "start": 418,
      "end": 419,
      "loc": {
        "start": {
          "line": 31,
          "column": 2
        },
        "end": {
          "line": 31,
          "column": 3
        }
      }
    },
    {
      "type": {
        "label": "name",
        "beforeExpr": false,
        "startsExpr": true,
        "rightAssociative": false,
        "isLoop": false,
        "isAssign": false,
        "prefix": false,
        "postfix": false,
        "binop": null
      },
      "value": "equals",
      "start": 423,
      "end": 429,
      "loc": {
        "start": {
          "line": 33,
          "column": 2
        },
        "end": {
          "line": 33,
          "column": 8
        }
      }
    },
    {
      "type": {
        "label": "(",
        "beforeExpr": true,
        "startsExpr": true,
        "rightAssociative": false,
        "isLoop": false,
        "isAssign": false,
        "prefix": false,
        "postfix": false,
        "binop": null
      },
      "start": 429,
      "end": 430,
      "loc": {
        "start": {
          "line": 33,
          "column": 8
        },
        "end": {
          "line": 33,
          "column": 9
        }
      }
    },
    {
      "type": {
        "label": ")",
        "beforeExpr": false,
        "startsExpr": false,
        "rightAssociative": false,
        "isLoop": false,
        "isAssign": false,
        "prefix": false,
        "postfix": false,
        "binop": null
      },
      "start": 430,
      "end": 431,
      "loc": {
        "start": {
          "line": 33,
          "column": 9
        },
        "end": {
          "line": 33,
          "column": 10
        }
      }
    },
    {
      "type": {
        "label": "{",
        "beforeExpr": true,
        "startsExpr": true,
        "rightAssociative": false,
        "isLoop": false,
        "isAssign": false,
        "prefix": false,
        "postfix": false,
        "binop": null
      },
      "start": 432,
      "end": 433,
      "loc": {
        "start": {
          "line": 33,
          "column": 11
        },
        "end": {
          "line": 33,
          "column": 12
        }
      }
    },
    {
      "type": {
        "label": "return",
        "keyword": "return",
        "beforeExpr": true,
        "startsExpr": false,
        "rightAssociative": false,
        "isLoop": false,
        "isAssign": false,
        "prefix": false,
        "postfix": false,
        "binop": null,
        "updateContext": null
      },
      "value": "return",
      "start": 438,
      "end": 444,
      "loc": {
        "start": {
          "line": 34,
          "column": 4
        },
        "end": {
          "line": 34,
          "column": 10
        }
      }
    },
    {
      "type": {
        "label": "false",
        "keyword": "false",
        "beforeExpr": false,
        "startsExpr": true,
        "rightAssociative": false,
        "isLoop": false,
        "isAssign": false,
        "prefix": false,
        "postfix": false,
        "binop": null,
        "updateContext": null
      },
      "value": "false",
      "start": 445,
      "end": 450,
      "loc": {
        "start": {
          "line": 34,
          "column": 11
        },
        "end": {
          "line": 34,
          "column": 16
        }
      }
    },
    {
      "type": {
        "label": ";",
        "beforeExpr": true,
        "startsExpr": false,
        "rightAssociative": false,
        "isLoop": false,
        "isAssign": false,
        "prefix": false,
        "postfix": false,
        "binop": null,
        "updateContext": null
      },
      "start": 450,
      "end": 451,
      "loc": {
        "start": {
          "line": 34,
          "column": 16
        },
        "end": {
          "line": 34,
          "column": 17
        }
      }
    },
    {
      "type": {
        "label": "}",
        "beforeExpr": false,
        "startsExpr": false,
        "rightAssociative": false,
        "isLoop": false,
        "isAssign": false,
        "prefix": false,
        "postfix": false,
        "binop": null
      },
      "start": 454,
      "end": 455,
      "loc": {
        "start": {
          "line": 35,
          "column": 2
        },
        "end": {
          "line": 35,
          "column": 3
        }
      }
    },
    {
      "type": {
        "label": "name",
        "beforeExpr": false,
        "startsExpr": true,
        "rightAssociative": false,
        "isLoop": false,
        "isAssign": false,
        "prefix": false,
        "postfix": false,
        "binop": null
      },
      "value": "get",
      "start": 459,
      "end": 462,
      "loc": {
        "start": {
          "line": 37,
          "column": 2
        },
        "end": {
          "line": 37,
          "column": 5
        }
      }
    },
    {
      "type": {
        "label": "name",
        "beforeExpr": false,
        "startsExpr": true,
        "rightAssociative": false,
        "isLoop": false,
        "isAssign": false,
        "prefix": false,
        "postfix": false,
        "binop": null
      },
      "value": "isValid",
      "start": 463,
      "end": 470,
      "loc": {
        "start": {
          "line": 37,
          "column": 6
        },
        "end": {
          "line": 37,
          "column": 13
        }
      }
    },
    {
      "type": {
        "label": "(",
        "beforeExpr": true,
        "startsExpr": true,
        "rightAssociative": false,
        "isLoop": false,
        "isAssign": false,
        "prefix": false,
        "postfix": false,
        "binop": null
      },
      "start": 470,
      "end": 471,
      "loc": {
        "start": {
          "line": 37,
          "column": 13
        },
        "end": {
          "line": 37,
          "column": 14
        }
      }
    },
    {
      "type": {
        "label": ")",
        "beforeExpr": false,
        "startsExpr": false,
        "rightAssociative": false,
        "isLoop": false,
        "isAssign": false,
        "prefix": false,
        "postfix": false,
        "binop": null
      },
      "start": 471,
      "end": 472,
      "loc": {
        "start": {
          "line": 37,
          "column": 14
        },
        "end": {
          "line": 37,
          "column": 15
        }
      }
    },
    {
      "type": {
        "label": "{",
        "beforeExpr": true,
        "startsExpr": true,
        "rightAssociative": false,
        "isLoop": false,
        "isAssign": false,
        "prefix": false,
        "postfix": false,
        "binop": null
      },
      "start": 473,
      "end": 474,
      "loc": {
        "start": {
          "line": 37,
          "column": 16
        },
        "end": {
          "line": 37,
          "column": 17
        }
      }
    },
    {
      "type": {
        "label": "return",
        "keyword": "return",
        "beforeExpr": true,
        "startsExpr": false,
        "rightAssociative": false,
        "isLoop": false,
        "isAssign": false,
        "prefix": false,
        "postfix": false,
        "binop": null,
        "updateContext": null
      },
      "value": "return",
      "start": 479,
      "end": 485,
      "loc": {
        "start": {
          "line": 38,
          "column": 4
        },
        "end": {
          "line": 38,
          "column": 10
        }
      }
    },
    {
      "type": {
        "label": "false",
        "keyword": "false",
        "beforeExpr": false,
        "startsExpr": true,
        "rightAssociative": false,
        "isLoop": false,
        "isAssign": false,
        "prefix": false,
        "postfix": false,
        "binop": null,
        "updateContext": null
      },
      "value": "false",
      "start": 486,
      "end": 491,
      "loc": {
        "start": {
          "line": 38,
          "column": 11
        },
        "end": {
          "line": 38,
          "column": 16
        }
      }
    },
    {
      "type": {
        "label": ";",
        "beforeExpr": true,
        "startsExpr": false,
        "rightAssociative": false,
        "isLoop": false,
        "isAssign": false,
        "prefix": false,
        "postfix": false,
        "binop": null,
        "updateContext": null
      },
      "start": 491,
      "end": 492,
      "loc": {
        "start": {
          "line": 38,
          "column": 16
        },
        "end": {
          "line": 38,
          "column": 17
        }
      }
    },
    {
      "type": {
        "label": "}",
        "beforeExpr": false,
        "startsExpr": false,
        "rightAssociative": false,
        "isLoop": false,
        "isAssign": false,
        "prefix": false,
        "postfix": false,
        "binop": null
      },
      "start": 495,
      "end": 496,
      "loc": {
        "start": {
          "line": 39,
          "column": 2
        },
        "end": {
          "line": 39,
          "column": 3
        }
      }
    },
    {
      "type": {
        "label": "}",
        "beforeExpr": false,
        "startsExpr": false,
        "rightAssociative": false,
        "isLoop": false,
        "isAssign": false,
        "prefix": false,
        "postfix": false,
        "binop": null
      },
      "start": 497,
      "end": 498,
      "loc": {
        "start": {
          "line": 40,
          "column": 0
        },
        "end": {
          "line": 40,
          "column": 1
        }
      }
    },
    {
      "type": {
        "label": "eof",
        "beforeExpr": false,
        "startsExpr": false,
        "rightAssociative": false,
        "isLoop": false,
        "isAssign": false,
        "prefix": false,
        "postfix": false,
        "binop": null,
        "updateContext": null
      },
      "start": 499,
      "end": 499,
      "loc": {
        "start": {
          "line": 41,
          "column": 0
        },
        "end": {
          "line": 41,
          "column": 0
        }
      }
    }
  ]
}