{
  "type": "File",
  "start": 0,
  "end": 446,
  "loc": {
    "start": {
      "line": 1,
      "column": 0
    },
    "end": {
      "line": 20,
      "column": 0
    }
  },
  "program": {
    "type": "Program",
    "start": 0,
    "end": 446,
    "loc": {
      "start": {
        "line": 1,
        "column": 0
      },
      "end": {
        "line": 20,
        "column": 0
      }
    },
    "sourceType": "module",
    "body": [
      {
        "type": "ImportDeclaration",
        "start": 0,
        "end": 28,
        "loc": {
          "start": {
            "line": 1,
            "column": 0
          },
          "end": {
            "line": 1,
            "column": 28
          }
        },
        "specifiers": [
          {
            "type": "ImportDefaultSpecifier",
            "start": 7,
            "end": 12,
            "loc": {
              "start": {
                "line": 1,
                "column": 7
              },
              "end": {
                "line": 1,
                "column": 12
              }
            },
            "local": {
              "type": "Identifier",
              "start": 7,
              "end": 12,
              "loc": {
                "start": {
                  "line": 1,
                  "column": 7
                },
                "end": {
                  "line": 1,
                  "column": 12
                },
                "identifierName": "utils"
              },
              "name": "utils"
            }
          }
        ],
        "source": {
          "type": "StringLiteral",
          "start": 18,
          "end": 28,
          "loc": {
            "start": {
              "line": 1,
              "column": 18
            },
            "end": {
              "line": 1,
              "column": 28
            }
          },
          "extra": {
            "rawValue": "../utils",
            "raw": "'../utils'"
          },
          "value": "../utils"
        }
      },
      {
        "type": "ImportDeclaration",
        "start": 29,
        "end": 67,
        "loc": {
          "start": {
            "line": 2,
            "column": 0
          },
          "end": {
            "line": 2,
            "column": 38
          }
        },
        "specifiers": [
          {
            "type": "ImportSpecifier",
            "start": 38,
            "end": 46,
            "loc": {
              "start": {
                "line": 2,
                "column": 9
              },
              "end": {
                "line": 2,
                "column": 17
              }
            },
            "imported": {
              "type": "Identifier",
              "start": 38,
              "end": 46,
              "loc": {
                "start": {
                  "line": 2,
                  "column": 9
                },
                "end": {
                  "line": 2,
                  "column": 17
                },
                "identifierName": "Relation"
              },
              "name": "Relation"
            },
            "local": {
              "type": "Identifier",
              "start": 38,
              "end": 46,
              "loc": {
                "start": {
                  "line": 2,
                  "column": 9
                },
                "end": {
                  "line": 2,
                  "column": 17
                },
                "identifierName": "Relation"
              },
              "name": "Relation"
            }
          }
        ],
        "source": {
          "type": "StringLiteral",
          "start": 54,
          "end": 67,
          "loc": {
            "start": {
              "line": 2,
              "column": 25
            },
            "end": {
              "line": 2,
              "column": 38
            }
          },
          "extra": {
            "rawValue": "../Relation",
            "raw": "'../Relation'"
          },
          "value": "../Relation"
        }
      },
      {
        "type": "ExportNamedDeclaration",
        "start": 69,
        "end": 445,
        "loc": {
          "start": {
            "line": 4,
            "column": 0
          },
          "end": {
            "line": 19,
            "column": 2
          }
        },
        "specifiers": [],
        "source": null,
        "declaration": {
          "type": "VariableDeclaration",
          "start": 76,
          "end": 445,
          "loc": {
            "start": {
              "line": 4,
              "column": 7
            },
            "end": {
              "line": 19,
              "column": 2
            }
          },
          "declarations": [
            {
              "type": "VariableDeclarator",
              "start": 82,
              "end": 445,
              "loc": {
                "start": {
                  "line": 4,
                  "column": 13
                },
                "end": {
                  "line": 19,
                  "column": 2
                }
              },
              "id": {
                "type": "Identifier",
                "start": 82,
                "end": 96,
                "loc": {
                  "start": {
                    "line": 4,
                    "column": 13
                  },
                  "end": {
                    "line": 4,
                    "column": 27
                  },
                  "identifierName": "HasOneRelation"
                },
                "name": "HasOneRelation"
              },
              "init": {
                "type": "CallExpression",
                "start": 99,
                "end": 445,
                "loc": {
                  "start": {
                    "line": 4,
                    "column": 30
                  },
                  "end": {
                    "line": 19,
                    "column": 2
                  }
                },
                "callee": {
                  "type": "MemberExpression",
                  "start": 99,
                  "end": 114,
                  "loc": {
                    "start": {
                      "line": 4,
                      "column": 30
                    },
                    "end": {
                      "line": 4,
                      "column": 45
                    }
                  },
                  "object": {
                    "type": "Identifier",
                    "start": 99,
                    "end": 107,
                    "loc": {
                      "start": {
                        "line": 4,
                        "column": 30
                      },
                      "end": {
                        "line": 4,
                        "column": 38
                      },
                      "identifierName": "Relation"
                    },
                    "name": "Relation"
                  },
                  "property": {
                    "type": "Identifier",
                    "start": 108,
                    "end": 114,
                    "loc": {
                      "start": {
                        "line": 4,
                        "column": 39
                      },
                      "end": {
                        "line": 4,
                        "column": 45
                      },
                      "identifierName": "extend"
                    },
                    "name": "extend"
                  },
                  "computed": false
                },
                "arguments": [
                  {
                    "type": "ObjectExpression",
                    "start": 115,
                    "end": 417,
                    "loc": {
                      "start": {
                        "line": 4,
                        "column": 46
                      },
                      "end": {
                        "line": 17,
                        "column": 1
                      }
                    },
                    "properties": [
                      {
                        "type": "ObjectMethod",
                        "start": 119,
                        "end": 368,
                        "loc": {
                          "start": {
                            "line": 5,
                            "column": 2
                          },
                          "end": {
                            "line": 12,
                            "column": 3
                          }
                        },
                        "method": true,
                        "shorthand": false,
                        "computed": false,
                        "key": {
                          "type": "Identifier",
                          "start": 119,
                          "end": 139,
                          "loc": {
                            "start": {
                              "line": 5,
                              "column": 2
                            },
                            "end": {
                              "line": 5,
                              "column": 22
                            },
                            "identifierName": "findExistingLinksFor"
                          },
                          "name": "findExistingLinksFor"
                        },
                        "kind": "method",
                        "id": null,
                        "generator": false,
                        "expression": false,
                        "async": false,
                        "params": [
                          {
                            "type": "Identifier",
                            "start": 141,
                            "end": 154,
                            "loc": {
                              "start": {
                                "line": 5,
                                "column": 24
                              },
                              "end": {
                                "line": 5,
                                "column": 37
                              },
                              "identifierName": "relatedMapper"
                            },
                            "name": "relatedMapper"
                          },
                          {
                            "type": "Identifier",
                            "start": 156,
                            "end": 162,
                            "loc": {
                              "start": {
                                "line": 5,
                                "column": 39
                              },
                              "end": {
                                "line": 5,
                                "column": 45
                              },
                              "identifierName": "record"
                            },
                            "name": "record"
                          }
                        ],
                        "body": {
                          "type": "BlockStatement",
                          "start": 164,
                          "end": 368,
                          "loc": {
                            "start": {
                              "line": 5,
                              "column": 47
                            },
                            "end": {
                              "line": 12,
                              "column": 3
                            }
                          },
                          "body": [
                            {
                              "type": "VariableDeclaration",
                              "start": 170,
                              "end": 231,
                              "loc": {
                                "start": {
                                  "line": 6,
                                  "column": 4
                                },
                                "end": {
                                  "line": 6,
                                  "column": 65
                                }
                              },
                              "declarations": [
                                {
                                  "type": "VariableDeclarator",
                                  "start": 176,
                                  "end": 231,
                                  "loc": {
                                    "start": {
                                      "line": 6,
                                      "column": 10
                                    },
                                    "end": {
                                      "line": 6,
                                      "column": 65
                                    }
                                  },
                                  "id": {
                                    "type": "Identifier",
                                    "start": 176,
                                    "end": 184,
                                    "loc": {
                                      "start": {
                                        "line": 6,
                                        "column": 10
                                      },
                                      "end": {
                                        "line": 6,
                                        "column": 18
                                      },
                                      "identifierName": "recordId"
                                    },
                                    "name": "recordId"
                                  },
                                  "init": {
                                    "type": "CallExpression",
                                    "start": 187,
                                    "end": 231,
                                    "loc": {
                                      "start": {
                                        "line": 6,
                                        "column": 21
                                      },
                                      "end": {
                                        "line": 6,
                                        "column": 65
                                      }
                                    },
                                    "callee": {
                                      "type": "MemberExpression",
                                      "start": 187,
                                      "end": 196,
                                      "loc": {
                                        "start": {
                                          "line": 6,
                                          "column": 21
                                        },
                                        "end": {
                                          "line": 6,
                                          "column": 30
                                        }
                                      },
                                      "object": {
                                        "type": "Identifier",
                                        "start": 187,
                                        "end": 192,
                                        "loc": {
                                          "start": {
                                            "line": 6,
                                            "column": 21
                                          },
                                          "end": {
                                            "line": 6,
                                            "column": 26
                                          },
                                          "identifierName": "utils"
                                        },
                                        "name": "utils"
                                      },
                                      "property": {
                                        "type": "Identifier",
                                        "start": 193,
                                        "end": 196,
                                        "loc": {
                                          "start": {
                                            "line": 6,
                                            "column": 27
                                          },
                                          "end": {
                                            "line": 6,
                                            "column": 30
                                          },
                                          "identifierName": "get"
                                        },
                                        "name": "get"
                                      },
                                      "computed": false
                                    },
                                    "arguments": [
                                      {
                                        "type": "Identifier",
                                        "start": 197,
                                        "end": 203,
                                        "loc": {
                                          "start": {
                                            "line": 6,
                                            "column": 31
                                          },
                                          "end": {
                                            "line": 6,
                                            "column": 37
                                          },
                                          "identifierName": "record"
                                        },
                                        "name": "record"
                                      },
                                      {
                                        "type": "MemberExpression",
                                        "start": 205,
                                        "end": 230,
                                        "loc": {
                                          "start": {
                                            "line": 6,
                                            "column": 39
                                          },
                                          "end": {
                                            "line": 6,
                                            "column": 64
                                          }
                                        },
                                        "object": {
                                          "type": "Identifier",
                                          "start": 205,
                                          "end": 218,
                                          "loc": {
                                            "start": {
                                              "line": 6,
                                              "column": 39
                                            },
                                            "end": {
                                              "line": 6,
                                              "column": 52
                                            },
                                            "identifierName": "relatedMapper"
                                          },
                                          "name": "relatedMapper"
                                        },
                                        "property": {
                                          "type": "Identifier",
                                          "start": 219,
                                          "end": 230,
                                          "loc": {
                                            "start": {
                                              "line": 6,
                                              "column": 53
                                            },
                                            "end": {
                                              "line": 6,
                                              "column": 64
                                            },
                                            "identifierName": "idAttribute"
                                          },
                                          "name": "idAttribute"
                                        },
                                        "computed": false
                                      }
                                    ]
                                  }
                                }
                              ],
                              "kind": "const"
                            },
                            {
                              "type": "VariableDeclaration",
                              "start": 236,
                              "end": 296,
                              "loc": {
                                "start": {
                                  "line": 7,
                                  "column": 4
                                },
                                "end": {
                                  "line": 7,
                                  "column": 64
                                }
                              },
                              "declarations": [
                                {
                                  "type": "VariableDeclarator",
                                  "start": 242,
                                  "end": 296,
                                  "loc": {
                                    "start": {
                                      "line": 7,
                                      "column": 10
                                    },
                                    "end": {
                                      "line": 7,
                                      "column": 64
                                    }
                                  },
                                  "id": {
                                    "type": "Identifier",
                                    "start": 242,
                                    "end": 249,
                                    "loc": {
                                      "start": {
                                        "line": 7,
                                        "column": 10
                                      },
                                      "end": {
                                        "line": 7,
                                        "column": 17
                                      },
                                      "identifierName": "records"
                                    },
                                    "name": "records"
                                  },
                                  "init": {
                                    "type": "CallExpression",
                                    "start": 252,
                                    "end": 296,
                                    "loc": {
                                      "start": {
                                        "line": 7,
                                        "column": 20
                                      },
                                      "end": {
                                        "line": 7,
                                        "column": 64
                                      }
                                    },
                                    "callee": {
                                      "type": "MemberExpression",
                                      "start": 252,
                                      "end": 286,
                                      "loc": {
                                        "start": {
                                          "line": 7,
                                          "column": 20
                                        },
                                        "end": {
                                          "line": 7,
                                          "column": 54
                                        }
                                      },
                                      "object": {
                                        "type": "ThisExpression",
                                        "start": 252,
                                        "end": 256,
                                        "loc": {
                                          "start": {
                                            "line": 7,
                                            "column": 20
                                          },
                                          "end": {
                                            "line": 7,
                                            "column": 24
                                          }
                                        }
                                      },
                                      "property": {
                                        "type": "Identifier",
                                        "start": 257,
                                        "end": 286,
                                        "loc": {
                                          "start": {
                                            "line": 7,
                                            "column": 25
                                          },
                                          "end": {
                                            "line": 7,
                                            "column": 54
                                          },
                                          "identifierName": "findExistingLinksByForeignKey"
                                        },
                                        "name": "findExistingLinksByForeignKey"
                                      },
                                      "computed": false
                                    },
                                    "arguments": [
                                      {
                                        "type": "Identifier",
                                        "start": 287,
                                        "end": 295,
                                        "loc": {
                                          "start": {
                                            "line": 7,
                                            "column": 55
                                          },
                                          "end": {
                                            "line": 7,
                                            "column": 63
                                          },
                                          "identifierName": "recordId"
                                        },
                                        "name": "recordId"
                                      }
                                    ]
                                  }
                                }
                              ],
                              "kind": "const"
                            },
                            {
                              "type": "IfStatement",
                              "start": 302,
                              "end": 364,
                              "loc": {
                                "start": {
                                  "line": 9,
                                  "column": 4
                                },
                                "end": {
                                  "line": 11,
                                  "column": 5
                                }
                              },
                              "test": {
                                "type": "LogicalExpression",
                                "start": 306,
                                "end": 331,
                                "loc": {
                                  "start": {
                                    "line": 9,
                                    "column": 8
                                  },
                                  "end": {
                                    "line": 9,
                                    "column": 33
                                  }
                                },
                                "left": {
                                  "type": "Identifier",
                                  "start": 306,
                                  "end": 313,
                                  "loc": {
                                    "start": {
                                      "line": 9,
                                      "column": 8
                                    },
                                    "end": {
                                      "line": 9,
                                      "column": 15
                                    },
                                    "identifierName": "records"
                                  },
                                  "name": "records"
                                },
                                "operator": "&&",
                                "right": {
                                  "type": "MemberExpression",
                                  "start": 317,
                                  "end": 331,
                                  "loc": {
                                    "start": {
                                      "line": 9,
                                      "column": 19
                                    },
                                    "end": {
                                      "line": 9,
                                      "column": 33
                                    }
                                  },
                                  "object": {
                                    "type": "Identifier",
                                    "start": 317,
                                    "end": 324,
                                    "loc": {
                                      "start": {
                                        "line": 9,
                                        "column": 19
                                      },
                                      "end": {
                                        "line": 9,
                                        "column": 26
                                      },
                                      "identifierName": "records"
                                    },
                                    "name": "records"
                                  },
                                  "property": {
                                    "type": "Identifier",
                                    "start": 325,
                                    "end": 331,
                                    "loc": {
                                      "start": {
                                        "line": 9,
                                        "column": 27
                                      },
                                      "end": {
                                        "line": 9,
                                        "column": 33
                                      },
                                      "identifierName": "length"
                                    },
                                    "name": "length"
                                  },
                                  "computed": false
                                }
                              },
                              "consequent": {
                                "type": "BlockStatement",
                                "start": 333,
                                "end": 364,
                                "loc": {
                                  "start": {
                                    "line": 9,
                                    "column": 35
                                  },
                                  "end": {
                                    "line": 11,
                                    "column": 5
                                  }
                                },
                                "body": [
                                  {
                                    "type": "ReturnStatement",
                                    "start": 341,
                                    "end": 358,
                                    "loc": {
                                      "start": {
                                        "line": 10,
                                        "column": 6
                                      },
                                      "end": {
                                        "line": 10,
                                        "column": 23
                                      }
                                    },
                                    "argument": {
                                      "type": "MemberExpression",
                                      "start": 348,
                                      "end": 358,
                                      "loc": {
                                        "start": {
                                          "line": 10,
                                          "column": 13
                                        },
                                        "end": {
                                          "line": 10,
                                          "column": 23
                                        }
                                      },
                                      "object": {
                                        "type": "Identifier",
                                        "start": 348,
                                        "end": 355,
                                        "loc": {
                                          "start": {
                                            "line": 10,
                                            "column": 13
                                          },
                                          "end": {
                                            "line": 10,
                                            "column": 20
                                          },
                                          "identifierName": "records"
                                        },
                                        "name": "records"
                                      },
                                      "property": {
                                        "type": "NumericLiteral",
                                        "start": 356,
                                        "end": 357,
                                        "loc": {
                                          "start": {
                                            "line": 10,
                                            "column": 21
                                          },
                                          "end": {
                                            "line": 10,
                                            "column": 22
                                          }
                                        },
                                        "extra": {
                                          "rawValue": 0,
                                          "raw": "0"
                                        },
                                        "value": 0
                                      },
                                      "computed": true
                                    }
                                  }
                                ],
                                "directives": []
                              },
                              "alternate": null
                            }
                          ],
                          "directives": []
                        }
                      },
                      {
                        "type": "ObjectMethod",
                        "start": 373,
                        "end": 415,
                        "loc": {
                          "start": {
                            "line": 14,
                            "column": 2
                          },
                          "end": {
                            "line": 16,
                            "column": 3
                          }
                        },
                        "method": true,
                        "shorthand": false,
                        "computed": false,
                        "key": {
                          "type": "Identifier",
                          "start": 373,
                          "end": 390,
                          "loc": {
                            "start": {
                              "line": 14,
                              "column": 2
                            },
                            "end": {
                              "line": 14,
                              "column": 19
                            },
                            "identifierName": "isRequiresChildId"
                          },
                          "name": "isRequiresChildId"
                        },
                        "kind": "method",
                        "id": null,
                        "generator": false,
                        "expression": false,
                        "async": false,
                        "params": [],
                        "body": {
                          "type": "BlockStatement",
                          "start": 394,
                          "end": 415,
                          "loc": {
                            "start": {
                              "line": 14,
                              "column": 23
                            },
                            "end": {
                              "line": 16,
                              "column": 3
                            }
                          },
                          "body": [
                            {
                              "type": "ReturnStatement",
                              "start": 400,
                              "end": 411,
                              "loc": {
                                "start": {
                                  "line": 15,
                                  "column": 4
                                },
                                "end": {
                                  "line": 15,
                                  "column": 15
                                }
                              },
                              "argument": {
                                "type": "BooleanLiteral",
                                "start": 407,
                                "end": 411,
                                "loc": {
                                  "start": {
                                    "line": 15,
                                    "column": 11
                                  },
                                  "end": {
                                    "line": 15,
                                    "column": 15
                                  }
                                },
                                "value": true
                              }
                            }
                          ],
                          "directives": []
                        }
                      }
                    ]
                  },
                  {
                    "type": "ObjectExpression",
                    "start": 419,
                    "end": 444,
                    "loc": {
                      "start": {
                        "line": 17,
                        "column": 3
                      },
                      "end": {
                        "line": 19,
                        "column": 1
                      }
                    },
                    "properties": [
                      {
                        "type": "ObjectProperty",
                        "start": 423,
                        "end": 442,
                        "loc": {
                          "start": {
                            "line": 18,
                            "column": 2
                          },
                          "end": {
                            "line": 18,
                            "column": 21
                          }
                        },
                        "method": false,
                        "shorthand": false,
                        "computed": false,
                        "key": {
                          "type": "Identifier",
                          "start": 423,
                          "end": 432,
                          "loc": {
                            "start": {
                              "line": 18,
                              "column": 2
                            },
                            "end": {
                              "line": 18,
                              "column": 11
                            },
                            "identifierName": "TYPE_NAME"
                          },
                          "name": "TYPE_NAME"
                        },
                        "value": {
                          "type": "StringLiteral",
                          "start": 434,
                          "end": 442,
                          "loc": {
                            "start": {
                              "line": 18,
                              "column": 13
                            },
                            "end": {
                              "line": 18,
                              "column": 21
                            }
                          },
                          "extra": {
                            "rawValue": "hasOne",
                            "raw": "'hasOne'"
                          },
                          "value": "hasOne"
                        }
                      }
                    ]
                  }
                ]
              }
            }
          ],
          "kind": "const",
          "leadingComments": [],
          "trailingComments": []
        }
      }
    ],
    "directives": []
  },
  "comments": [],
  "tokens": [
    {
      "type": {
        "label": "import",
        "keyword": "import",
        "beforeExpr": false,
        "startsExpr": true,
        "rightAssociative": false,
        "isLoop": false,
        "isAssign": false,
        "prefix": false,
        "postfix": false,
        "binop": null,
        "updateContext": null
      },
      "value": "import",
      "start": 0,
      "end": 6,
      "loc": {
        "start": {
          "line": 1,
          "column": 0
        },
        "end": {
          "line": 1,
          "column": 6
        }
      }
    },
    {
      "type": {
        "label": "name",
        "beforeExpr": false,
        "startsExpr": true,
        "rightAssociative": false,
        "isLoop": false,
        "isAssign": false,
        "prefix": false,
        "postfix": false,
        "binop": null
      },
      "value": "utils",
      "start": 7,
      "end": 12,
      "loc": {
        "start": {
          "line": 1,
          "column": 7
        },
        "end": {
          "line": 1,
          "column": 12
        }
      }
    },
    {
      "type": {
        "label": "name",
        "beforeExpr": false,
        "startsExpr": true,
        "rightAssociative": false,
        "isLoop": false,
        "isAssign": false,
        "prefix": false,
        "postfix": false,
        "binop": null
      },
      "value": "from",
      "start": 13,
      "end": 17,
      "loc": {
        "start": {
          "line": 1,
          "column": 13
        },
        "end": {
          "line": 1,
          "column": 17
        }
      }
    },
    {
      "type": {
        "label": "string",
        "beforeExpr": false,
        "startsExpr": true,
        "rightAssociative": false,
        "isLoop": false,
        "isAssign": false,
        "prefix": false,
        "postfix": false,
        "binop": null,
        "updateContext": null
      },
      "value": "../utils",
      "start": 18,
      "end": 28,
      "loc": {
        "start": {
          "line": 1,
          "column": 18
        },
        "end": {
          "line": 1,
          "column": 28
        }
      }
    },
    {
      "type": {
        "label": "import",
        "keyword": "import",
        "beforeExpr": false,
        "startsExpr": true,
        "rightAssociative": false,
        "isLoop": false,
        "isAssign": false,
        "prefix": false,
        "postfix": false,
        "binop": null,
        "updateContext": null
      },
      "value": "import",
      "start": 29,
      "end": 35,
      "loc": {
        "start": {
          "line": 2,
          "column": 0
        },
        "end": {
          "line": 2,
          "column": 6
        }
      }
    },
    {
      "type": {
        "label": "{",
        "beforeExpr": true,
        "startsExpr": true,
        "rightAssociative": false,
        "isLoop": false,
        "isAssign": false,
        "prefix": false,
        "postfix": false,
        "binop": null
      },
      "start": 36,
      "end": 37,
      "loc": {
        "start": {
          "line": 2,
          "column": 7
        },
        "end": {
          "line": 2,
          "column": 8
        }
      }
    },
    {
      "type": {
        "label": "name",
        "beforeExpr": false,
        "startsExpr": true,
        "rightAssociative": false,
        "isLoop": false,
        "isAssign": false,
        "prefix": false,
        "postfix": false,
        "binop": null
      },
      "value": "Relation",
      "start": 38,
      "end": 46,
      "loc": {
        "start": {
          "line": 2,
          "column": 9
        },
        "end": {
          "line": 2,
          "column": 17
        }
      }
    },
    {
      "type": {
        "label": "}",
        "beforeExpr": false,
        "startsExpr": false,
        "rightAssociative": false,
        "isLoop": false,
        "isAssign": false,
        "prefix": false,
        "postfix": false,
        "binop": null
      },
      "start": 47,
      "end": 48,
      "loc": {
        "start": {
          "line": 2,
          "column": 18
        },
        "end": {
          "line": 2,
          "column": 19
        }
      }
    },
    {
      "type": {
        "label": "name",
        "beforeExpr": false,
        "startsExpr": true,
        "rightAssociative": false,
        "isLoop": false,
        "isAssign": false,
        "prefix": false,
        "postfix": false,
        "binop": null
      },
      "value": "from",
      "start": 49,
      "end": 53,
      "loc": {
        "start": {
          "line": 2,
          "column": 20
        },
        "end": {
          "line": 2,
          "column": 24
        }
      }
    },
    {
      "type": {
        "label": "string",
        "beforeExpr": false,
        "startsExpr": true,
        "rightAssociative": false,
        "isLoop": false,
        "isAssign": false,
        "prefix": false,
        "postfix": false,
        "binop": null,
        "updateContext": null
      },
      "value": "../Relation",
      "start": 54,
      "end": 67,
      "loc": {
        "start": {
          "line": 2,
          "column": 25
        },
        "end": {
          "line": 2,
          "column": 38
        }
      }
    },
    {
      "type": {
        "label": "export",
        "keyword": "export",
        "beforeExpr": false,
        "startsExpr": false,
        "rightAssociative": false,
        "isLoop": false,
        "isAssign": false,
        "prefix": false,
        "postfix": false,
        "binop": null,
        "updateContext": null
      },
      "value": "export",
      "start": 69,
      "end": 75,
      "loc": {
        "start": {
          "line": 4,
          "column": 0
        },
        "end": {
          "line": 4,
          "column": 6
        }
      }
    },
    {
      "type": {
        "label": "const",
        "keyword": "const",
        "beforeExpr": false,
        "startsExpr": false,
        "rightAssociative": false,
        "isLoop": false,
        "isAssign": false,
        "prefix": false,
        "postfix": false,
        "binop": null,
        "updateContext": null
      },
      "value": "const",
      "start": 76,
      "end": 81,
      "loc": {
        "start": {
          "line": 4,
          "column": 7
        },
        "end": {
          "line": 4,
          "column": 12
        }
      }
    },
    {
      "type": {
        "label": "name",
        "beforeExpr": false,
        "startsExpr": true,
        "rightAssociative": false,
        "isLoop": false,
        "isAssign": false,
        "prefix": false,
        "postfix": false,
        "binop": null
      },
      "value": "HasOneRelation",
      "start": 82,
      "end": 96,
      "loc": {
        "start": {
          "line": 4,
          "column": 13
        },
        "end": {
          "line": 4,
          "column": 27
        }
      }
    },
    {
      "type": {
        "label": "=",
        "beforeExpr": true,
        "startsExpr": false,
        "rightAssociative": false,
        "isLoop": false,
        "isAssign": true,
        "prefix": false,
        "postfix": false,
        "binop": null,
        "updateContext": null
      },
      "value": "=",
      "start": 97,
      "end": 98,
      "loc": {
        "start": {
          "line": 4,
          "column": 28
        },
        "end": {
          "line": 4,
          "column": 29
        }
      }
    },
    {
      "type": {
        "label": "name",
        "beforeExpr": false,
        "startsExpr": true,
        "rightAssociative": false,
        "isLoop": false,
        "isAssign": false,
        "prefix": false,
        "postfix": false,
        "binop": null
      },
      "value": "Relation",
      "start": 99,
      "end": 107,
      "loc": {
        "start": {
          "line": 4,
          "column": 30
        },
        "end": {
          "line": 4,
          "column": 38
        }
      }
    },
    {
      "type": {
        "label": ".",
        "beforeExpr": false,
        "startsExpr": false,
        "rightAssociative": false,
        "isLoop": false,
        "isAssign": false,
        "prefix": false,
        "postfix": false,
        "binop": null,
        "updateContext": null
      },
      "start": 107,
      "end": 108,
      "loc": {
        "start": {
          "line": 4,
          "column": 38
        },
        "end": {
          "line": 4,
          "column": 39
        }
      }
    },
    {
      "type": {
        "label": "name",
        "beforeExpr": false,
        "startsExpr": true,
        "rightAssociative": false,
        "isLoop": false,
        "isAssign": false,
        "prefix": false,
        "postfix": false,
        "binop": null
      },
      "value": "extend",
      "start": 108,
      "end": 114,
      "loc": {
        "start": {
          "line": 4,
          "column": 39
        },
        "end": {
          "line": 4,
          "column": 45
        }
      }
    },
    {
      "type": {
        "label": "(",
        "beforeExpr": true,
        "startsExpr": true,
        "rightAssociative": false,
        "isLoop": false,
        "isAssign": false,
        "prefix": false,
        "postfix": false,
        "binop": null
      },
      "start": 114,
      "end": 115,
      "loc": {
        "start": {
          "line": 4,
          "column": 45
        },
        "end": {
          "line": 4,
          "column": 46
        }
      }
    },
    {
      "type": {
        "label": "{",
        "beforeExpr": true,
        "startsExpr": true,
        "rightAssociative": false,
        "isLoop": false,
        "isAssign": false,
        "prefix": false,
        "postfix": false,
        "binop": null
      },
      "start": 115,
      "end": 116,
      "loc": {
        "start": {
          "line": 4,
          "column": 46
        },
        "end": {
          "line": 4,
          "column": 47
        }
      }
    },
    {
      "type": {
        "label": "name",
        "beforeExpr": false,
        "startsExpr": true,
        "rightAssociative": false,
        "isLoop": false,
        "isAssign": false,
        "prefix": false,
        "postfix": false,
        "binop": null
      },
      "value": "findExistingLinksFor",
      "start": 119,
      "end": 139,
      "loc": {
        "start": {
          "line": 5,
          "column": 2
        },
        "end": {
          "line": 5,
          "column": 22
        }
      }
    },
    {
      "type": {
        "label": "(",
        "beforeExpr": true,
        "startsExpr": true,
        "rightAssociative": false,
        "isLoop": false,
        "isAssign": false,
        "prefix": false,
        "postfix": false,
        "binop": null
      },
      "start": 140,
      "end": 141,
      "loc": {
        "start": {
          "line": 5,
          "column": 23
        },
        "end": {
          "line": 5,
          "column": 24
        }
      }
    },
    {
      "type": {
        "label": "name",
        "beforeExpr": false,
        "startsExpr": true,
        "rightAssociative": false,
        "isLoop": false,
        "isAssign": false,
        "prefix": false,
        "postfix": false,
        "binop": null
      },
      "value": "relatedMapper",
      "start": 141,
      "end": 154,
      "loc": {
        "start": {
          "line": 5,
          "column": 24
        },
        "end": {
          "line": 5,
          "column": 37
        }
      }
    },
    {
      "type": {
        "label": ",",
        "beforeExpr": true,
        "startsExpr": false,
        "rightAssociative": false,
        "isLoop": false,
        "isAssign": false,
        "prefix": false,
        "postfix": false,
        "binop": null,
        "updateContext": null
      },
      "start": 154,
      "end": 155,
      "loc": {
        "start": {
          "line": 5,
          "column": 37
        },
        "end": {
          "line": 5,
          "column": 38
        }
      }
    },
    {
      "type": {
        "label": "name",
        "beforeExpr": false,
        "startsExpr": true,
        "rightAssociative": false,
        "isLoop": false,
        "isAssign": false,
        "prefix": false,
        "postfix": false,
        "binop": null
      },
      "value": "record",
      "start": 156,
      "end": 162,
      "loc": {
        "start": {
          "line": 5,
          "column": 39
        },
        "end": {
          "line": 5,
          "column": 45
        }
      }
    },
    {
      "type": {
        "label": ")",
        "beforeExpr": false,
        "startsExpr": false,
        "rightAssociative": false,
        "isLoop": false,
        "isAssign": false,
        "prefix": false,
        "postfix": false,
        "binop": null
      },
      "start": 162,
      "end": 163,
      "loc": {
        "start": {
          "line": 5,
          "column": 45
        },
        "end": {
          "line": 5,
          "column": 46
        }
      }
    },
    {
      "type": {
        "label": "{",
        "beforeExpr": true,
        "startsExpr": true,
        "rightAssociative": false,
        "isLoop": false,
        "isAssign": false,
        "prefix": false,
        "postfix": false,
        "binop": null
      },
      "start": 164,
      "end": 165,
      "loc": {
        "start": {
          "line": 5,
          "column": 47
        },
        "end": {
          "line": 5,
          "column": 48
        }
      }
    },
    {
      "type": {
        "label": "const",
        "keyword": "const",
        "beforeExpr": false,
        "startsExpr": false,
        "rightAssociative": false,
        "isLoop": false,
        "isAssign": false,
        "prefix": false,
        "postfix": false,
        "binop": null,
        "updateContext": null
      },
      "value": "const",
      "start": 170,
      "end": 175,
      "loc": {
        "start": {
          "line": 6,
          "column": 4
        },
        "end": {
          "line": 6,
          "column": 9
        }
      }
    },
    {
      "type": {
        "label": "name",
        "beforeExpr": false,
        "startsExpr": true,
        "rightAssociative": false,
        "isLoop": false,
        "isAssign": false,
        "prefix": false,
        "postfix": false,
        "binop": null
      },
      "value": "recordId",
      "start": 176,
      "end": 184,
      "loc": {
        "start": {
          "line": 6,
          "column": 10
        },
        "end": {
          "line": 6,
          "column": 18
        }
      }
    },
    {
      "type": {
        "label": "=",
        "beforeExpr": true,
        "startsExpr": false,
        "rightAssociative": false,
        "isLoop": false,
        "isAssign": true,
        "prefix": false,
        "postfix": false,
        "binop": null,
        "updateContext": null
      },
      "value": "=",
      "start": 185,
      "end": 186,
      "loc": {
        "start": {
          "line": 6,
          "column": 19
        },
        "end": {
          "line": 6,
          "column": 20
        }
      }
    },
    {
      "type": {
        "label": "name",
        "beforeExpr": false,
        "startsExpr": true,
        "rightAssociative": false,
        "isLoop": false,
        "isAssign": false,
        "prefix": false,
        "postfix": false,
        "binop": null
      },
      "value": "utils",
      "start": 187,
      "end": 192,
      "loc": {
        "start": {
          "line": 6,
          "column": 21
        },
        "end": {
          "line": 6,
          "column": 26
        }
      }
    },
    {
      "type": {
        "label": ".",
        "beforeExpr": false,
        "startsExpr": false,
        "rightAssociative": false,
        "isLoop": false,
        "isAssign": false,
        "prefix": false,
        "postfix": false,
        "binop": null,
        "updateContext": null
      },
      "start": 192,
      "end": 193,
      "loc": {
        "start": {
          "line": 6,
          "column": 26
        },
        "end": {
          "line": 6,
          "column": 27
        }
      }
    },
    {
      "type": {
        "label": "name",
        "beforeExpr": false,
        "startsExpr": true,
        "rightAssociative": false,
        "isLoop": false,
        "isAssign": false,
        "prefix": false,
        "postfix": false,
        "binop": null
      },
      "value": "get",
      "start": 193,
      "end": 196,
      "loc": {
        "start": {
          "line": 6,
          "column": 27
        },
        "end": {
          "line": 6,
          "column": 30
        }
      }
    },
    {
      "type": {
        "label": "(",
        "beforeExpr": true,
        "startsExpr": true,
        "rightAssociative": false,
        "isLoop": false,
        "isAssign": false,
        "prefix": false,
        "postfix": false,
        "binop": null
      },
      "start": 196,
      "end": 197,
      "loc": {
        "start": {
          "line": 6,
          "column": 30
        },
        "end": {
          "line": 6,
          "column": 31
        }
      }
    },
    {
      "type": {
        "label": "name",
        "beforeExpr": false,
        "startsExpr": true,
        "rightAssociative": false,
        "isLoop": false,
        "isAssign": false,
        "prefix": false,
        "postfix": false,
        "binop": null
      },
      "value": "record",
      "start": 197,
      "end": 203,
      "loc": {
        "start": {
          "line": 6,
          "column": 31
        },
        "end": {
          "line": 6,
          "column": 37
        }
      }
    },
    {
      "type": {
        "label": ",",
        "beforeExpr": true,
        "startsExpr": false,
        "rightAssociative": false,
        "isLoop": false,
        "isAssign": false,
        "prefix": false,
        "postfix": false,
        "binop": null,
        "updateContext": null
      },
      "start": 203,
      "end": 204,
      "loc": {
        "start": {
          "line": 6,
          "column": 37
        },
        "end": {
          "line": 6,
          "column": 38
        }
      }
    },
    {
      "type": {
        "label": "name",
        "beforeExpr": false,
        "startsExpr": true,
        "rightAssociative": false,
        "isLoop": false,
        "isAssign": false,
        "prefix": false,
        "postfix": false,
        "binop": null
      },
      "value": "relatedMapper",
      "start": 205,
      "end": 218,
      "loc": {
        "start": {
          "line": 6,
          "column": 39
        },
        "end": {
          "line": 6,
          "column": 52
        }
      }
    },
    {
      "type": {
        "label": ".",
        "beforeExpr": false,
        "startsExpr": false,
        "rightAssociative": false,
        "isLoop": false,
        "isAssign": false,
        "prefix": false,
        "postfix": false,
        "binop": null,
        "updateContext": null
      },
      "start": 218,
      "end": 219,
      "loc": {
        "start": {
          "line": 6,
          "column": 52
        },
        "end": {
          "line": 6,
          "column": 53
        }
      }
    },
    {
      "type": {
        "label": "name",
        "beforeExpr": false,
        "startsExpr": true,
        "rightAssociative": false,
        "isLoop": false,
        "isAssign": false,
        "prefix": false,
        "postfix": false,
        "binop": null
      },
      "value": "idAttribute",
      "start": 219,
      "end": 230,
      "loc": {
        "start": {
          "line": 6,
          "column": 53
        },
        "end": {
          "line": 6,
          "column": 64
        }
      }
    },
    {
      "type": {
        "label": ")",
        "beforeExpr": false,
        "startsExpr": false,
        "rightAssociative": false,
        "isLoop": false,
        "isAssign": false,
        "prefix": false,
        "postfix": false,
        "binop": null
      },
      "start": 230,
      "end": 231,
      "loc": {
        "start": {
          "line": 6,
          "column": 64
        },
        "end": {
          "line": 6,
          "column": 65
        }
      }
    },
    {
      "type": {
        "label": "const",
        "keyword": "const",
        "beforeExpr": false,
        "startsExpr": false,
        "rightAssociative": false,
        "isLoop": false,
        "isAssign": false,
        "prefix": false,
        "postfix": false,
        "binop": null,
        "updateContext": null
      },
      "value": "const",
      "start": 236,
      "end": 241,
      "loc": {
        "start": {
          "line": 7,
          "column": 4
        },
        "end": {
          "line": 7,
          "column": 9
        }
      }
    },
    {
      "type": {
        "label": "name",
        "beforeExpr": false,
        "startsExpr": true,
        "rightAssociative": false,
        "isLoop": false,
        "isAssign": false,
        "prefix": false,
        "postfix": false,
        "binop": null
      },
      "value": "records",
      "start": 242,
      "end": 249,
      "loc": {
        "start": {
          "line": 7,
          "column": 10
        },
        "end": {
          "line": 7,
          "column": 17
        }
      }
    },
    {
      "type": {
        "label": "=",
        "beforeExpr": true,
        "startsExpr": false,
        "rightAssociative": false,
        "isLoop": false,
        "isAssign": true,
        "prefix": false,
        "postfix": false,
        "binop": null,
        "updateContext": null
      },
      "value": "=",
      "start": 250,
      "end": 251,
      "loc": {
        "start": {
          "line": 7,
          "column": 18
        },
        "end": {
          "line": 7,
          "column": 19
        }
      }
    },
    {
      "type": {
        "label": "this",
        "keyword": "this",
        "beforeExpr": false,
        "startsExpr": true,
        "rightAssociative": false,
        "isLoop": false,
        "isAssign": false,
        "prefix": false,
        "postfix": false,
        "binop": null,
        "updateContext": null
      },
      "value": "this",
      "start": 252,
      "end": 256,
      "loc": {
        "start": {
          "line": 7,
          "column": 20
        },
        "end": {
          "line": 7,
          "column": 24
        }
      }
    },
    {
      "type": {
        "label": ".",
        "beforeExpr": false,
        "startsExpr": false,
        "rightAssociative": false,
        "isLoop": false,
        "isAssign": false,
        "prefix": false,
        "postfix": false,
        "binop": null,
        "updateContext": null
      },
      "start": 256,
      "end": 257,
      "loc": {
        "start": {
          "line": 7,
          "column": 24
        },
        "end": {
          "line": 7,
          "column": 25
        }
      }
    },
    {
      "type": {
        "label": "name",
        "beforeExpr": false,
        "startsExpr": true,
        "rightAssociative": false,
        "isLoop": false,
        "isAssign": false,
        "prefix": false,
        "postfix": false,
        "binop": null
      },
      "value": "findExistingLinksByForeignKey",
      "start": 257,
      "end": 286,
      "loc": {
        "start": {
          "line": 7,
          "column": 25
        },
        "end": {
          "line": 7,
          "column": 54
        }
      }
    },
    {
      "type": {
        "label": "(",
        "beforeExpr": true,
        "startsExpr": true,
        "rightAssociative": false,
        "isLoop": false,
        "isAssign": false,
        "prefix": false,
        "postfix": false,
        "binop": null
      },
      "start": 286,
      "end": 287,
      "loc": {
        "start": {
          "line": 7,
          "column": 54
        },
        "end": {
          "line": 7,
          "column": 55
        }
      }
    },
    {
      "type": {
        "label": "name",
        "beforeExpr": false,
        "startsExpr": true,
        "rightAssociative": false,
        "isLoop": false,
        "isAssign": false,
        "prefix": false,
        "postfix": false,
        "binop": null
      },
      "value": "recordId",
      "start": 287,
      "end": 295,
      "loc": {
        "start": {
          "line": 7,
          "column": 55
        },
        "end": {
          "line": 7,
          "column": 63
        }
      }
    },
    {
      "type": {
        "label": ")",
        "beforeExpr": false,
        "startsExpr": false,
        "rightAssociative": false,
        "isLoop": false,
        "isAssign": false,
        "prefix": false,
        "postfix": false,
        "binop": null
      },
      "start": 295,
      "end": 296,
      "loc": {
        "start": {
          "line": 7,
          "column": 63
        },
        "end": {
          "line": 7,
          "column": 64
        }
      }
    },
    {
      "type": {
        "label": "if",
        "keyword": "if",
        "beforeExpr": false,
        "startsExpr": false,
        "rightAssociative": false,
        "isLoop": false,
        "isAssign": false,
        "prefix": false,
        "postfix": false,
        "binop": null,
        "updateContext": null
      },
      "value": "if",
      "start": 302,
      "end": 304,
      "loc": {
        "start": {
          "line": 9,
          "column": 4
        },
        "end": {
          "line": 9,
          "column": 6
        }
      }
    },
    {
      "type": {
        "label": "(",
        "beforeExpr": true,
        "startsExpr": true,
        "rightAssociative": false,
        "isLoop": false,
        "isAssign": false,
        "prefix": false,
        "postfix": false,
        "binop": null
      },
      "start": 305,
      "end": 306,
      "loc": {
        "start": {
          "line": 9,
          "column": 7
        },
        "end": {
          "line": 9,
          "column": 8
        }
      }
    },
    {
      "type": {
        "label": "name",
        "beforeExpr": false,
        "startsExpr": true,
        "rightAssociative": false,
        "isLoop": false,
        "isAssign": false,
        "prefix": false,
        "postfix": false,
        "binop": null
      },
      "value": "records",
      "start": 306,
      "end": 313,
      "loc": {
        "start": {
          "line": 9,
          "column": 8
        },
        "end": {
          "line": 9,
          "column": 15
        }
      }
    },
    {
      "type": {
        "label": "&&",
        "beforeExpr": true,
        "startsExpr": false,
        "rightAssociative": false,
        "isLoop": false,
        "isAssign": false,
        "prefix": false,
        "postfix": false,
        "binop": 2,
        "updateContext": null
      },
      "value": "&&",
      "start": 314,
      "end": 316,
      "loc": {
        "start": {
          "line": 9,
          "column": 16
        },
        "end": {
          "line": 9,
          "column": 18
        }
      }
    },
    {
      "type": {
        "label": "name",
        "beforeExpr": false,
        "startsExpr": true,
        "rightAssociative": false,
        "isLoop": false,
        "isAssign": false,
        "prefix": false,
        "postfix": false,
        "binop": null
      },
      "value": "records",
      "start": 317,
      "end": 324,
      "loc": {
        "start": {
          "line": 9,
          "column": 19
        },
        "end": {
          "line": 9,
          "column": 26
        }
      }
    },
    {
      "type": {
        "label": ".",
        "beforeExpr": false,
        "startsExpr": false,
        "rightAssociative": false,
        "isLoop": false,
        "isAssign": false,
        "prefix": false,
        "postfix": false,
        "binop": null,
        "updateContext": null
      },
      "start": 324,
      "end": 325,
      "loc": {
        "start": {
          "line": 9,
          "column": 26
        },
        "end": {
          "line": 9,
          "column": 27
        }
      }
    },
    {
      "type": {
        "label": "name",
        "beforeExpr": false,
        "startsExpr": true,
        "rightAssociative": false,
        "isLoop": false,
        "isAssign": false,
        "prefix": false,
        "postfix": false,
        "binop": null
      },
      "value": "length",
      "start": 325,
      "end": 331,
      "loc": {
        "start": {
          "line": 9,
          "column": 27
        },
        "end": {
          "line": 9,
          "column": 33
        }
      }
    },
    {
      "type": {
        "label": ")",
        "beforeExpr": false,
        "startsExpr": false,
        "rightAssociative": false,
        "isLoop": false,
        "isAssign": false,
        "prefix": false,
        "postfix": false,
        "binop": null
      },
      "start": 331,
      "end": 332,
      "loc": {
        "start": {
          "line": 9,
          "column": 33
        },
        "end": {
          "line": 9,
          "column": 34
        }
      }
    },
    {
      "type": {
        "label": "{",
        "beforeExpr": true,
        "startsExpr": true,
        "rightAssociative": false,
        "isLoop": false,
        "isAssign": false,
        "prefix": false,
        "postfix": false,
        "binop": null
      },
      "start": 333,
      "end": 334,
      "loc": {
        "start": {
          "line": 9,
          "column": 35
        },
        "end": {
          "line": 9,
          "column": 36
        }
      }
    },
    {
      "type": {
        "label": "return",
        "keyword": "return",
        "beforeExpr": true,
        "startsExpr": false,
        "rightAssociative": false,
        "isLoop": false,
        "isAssign": false,
        "prefix": false,
        "postfix": false,
        "binop": null,
        "updateContext": null
      },
      "value": "return",
      "start": 341,
      "end": 347,
      "loc": {
        "start": {
          "line": 10,
          "column": 6
        },
        "end": {
          "line": 10,
          "column": 12
        }
      }
    },
    {
      "type": {
        "label": "name",
        "beforeExpr": false,
        "startsExpr": true,
        "rightAssociative": false,
        "isLoop": false,
        "isAssign": false,
        "prefix": false,
        "postfix": false,
        "binop": null
      },
      "value": "records",
      "start": 348,
      "end": 355,
      "loc": {
        "start": {
          "line": 10,
          "column": 13
        },
        "end": {
          "line": 10,
          "column": 20
        }
      }
    },
    {
      "type": {
        "label": "[",
        "beforeExpr": true,
        "startsExpr": true,
        "rightAssociative": false,
        "isLoop": false,
        "isAssign": false,
        "prefix": false,
        "postfix": false,
        "binop": null,
        "updateContext": null
      },
      "start": 355,
      "end": 356,
      "loc": {
        "start": {
          "line": 10,
          "column": 20
        },
        "end": {
          "line": 10,
          "column": 21
        }
      }
    },
    {
      "type": {
        "label": "num",
        "beforeExpr": false,
        "startsExpr": true,
        "rightAssociative": false,
        "isLoop": false,
        "isAssign": false,
        "prefix": false,
        "postfix": false,
        "binop": null,
        "updateContext": null
      },
      "value": 0,
      "start": 356,
      "end": 357,
      "loc": {
        "start": {
          "line": 10,
          "column": 21
        },
        "end": {
          "line": 10,
          "column": 22
        }
      }
    },
    {
      "type": {
        "label": "]",
        "beforeExpr": false,
        "startsExpr": false,
        "rightAssociative": false,
        "isLoop": false,
        "isAssign": false,
        "prefix": false,
        "postfix": false,
        "binop": null,
        "updateContext": null
      },
      "start": 357,
      "end": 358,
      "loc": {
        "start": {
          "line": 10,
          "column": 22
        },
        "end": {
          "line": 10,
          "column": 23
        }
      }
    },
    {
      "type": {
        "label": "}",
        "beforeExpr": false,
        "startsExpr": false,
        "rightAssociative": false,
        "isLoop": false,
        "isAssign": false,
        "prefix": false,
        "postfix": false,
        "binop": null
      },
      "start": 363,
      "end": 364,
      "loc": {
        "start": {
          "line": 11,
          "column": 4
        },
        "end": {
          "line": 11,
          "column": 5
        }
      }
    },
    {
      "type": {
        "label": "}",
        "beforeExpr": false,
        "startsExpr": false,
        "rightAssociative": false,
        "isLoop": false,
        "isAssign": false,
        "prefix": false,
        "postfix": false,
        "binop": null
      },
      "start": 367,
      "end": 368,
      "loc": {
        "start": {
          "line": 12,
          "column": 2
        },
        "end": {
          "line": 12,
          "column": 3
        }
      }
    },
    {
      "type": {
        "label": ",",
        "beforeExpr": true,
        "startsExpr": false,
        "rightAssociative": false,
        "isLoop": false,
        "isAssign": false,
        "prefix": false,
        "postfix": false,
        "binop": null,
        "updateContext": null
      },
      "start": 368,
      "end": 369,
      "loc": {
        "start": {
          "line": 12,
          "column": 3
        },
        "end": {
          "line": 12,
          "column": 4
        }
      }
    },
    {
      "type": {
        "label": "name",
        "beforeExpr": false,
        "startsExpr": true,
        "rightAssociative": false,
        "isLoop": false,
        "isAssign": false,
        "prefix": false,
        "postfix": false,
        "binop": null
      },
      "value": "isRequiresChildId",
      "start": 373,
      "end": 390,
      "loc": {
        "start": {
          "line": 14,
          "column": 2
        },
        "end": {
          "line": 14,
          "column": 19
        }
      }
    },
    {
      "type": {
        "label": "(",
        "beforeExpr": true,
        "startsExpr": true,
        "rightAssociative": false,
        "isLoop": false,
        "isAssign": false,
        "prefix": false,
        "postfix": false,
        "binop": null
      },
      "start": 391,
      "end": 392,
      "loc": {
        "start": {
          "line": 14,
          "column": 20
        },
        "end": {
          "line": 14,
          "column": 21
        }
      }
    },
    {
      "type": {
        "label": ")",
        "beforeExpr": false,
        "startsExpr": false,
        "rightAssociative": false,
        "isLoop": false,
        "isAssign": false,
        "prefix": false,
        "postfix": false,
        "binop": null
      },
      "start": 392,
      "end": 393,
      "loc": {
        "start": {
          "line": 14,
          "column": 21
        },
        "end": {
          "line": 14,
          "column": 22
        }
      }
    },
    {
      "type": {
        "label": "{",
        "beforeExpr": true,
        "startsExpr": true,
        "rightAssociative": false,
        "isLoop": false,
        "isAssign": false,
        "prefix": false,
        "postfix": false,
        "binop": null
      },
      "start": 394,
      "end": 395,
      "loc": {
        "start": {
          "line": 14,
          "column": 23
        },
        "end": {
          "line": 14,
          "column": 24
        }
      }
    },
    {
      "type": {
        "label": "return",
        "keyword": "return",
        "beforeExpr": true,
        "startsExpr": false,
        "rightAssociative": false,
        "isLoop": false,
        "isAssign": false,
        "prefix": false,
        "postfix": false,
        "binop": null,
        "updateContext": null
      },
      "value": "return",
      "start": 400,
      "end": 406,
      "loc": {
        "start": {
          "line": 15,
          "column": 4
        },
        "end": {
          "line": 15,
          "column": 10
        }
      }
    },
    {
      "type": {
        "label": "true",
        "keyword": "true",
        "beforeExpr": false,
        "startsExpr": true,
        "rightAssociative": false,
        "isLoop": false,
        "isAssign": false,
        "prefix": false,
        "postfix": false,
        "binop": null,
        "updateContext": null
      },
      "value": "true",
      "start": 407,
      "end": 411,
      "loc": {
        "start": {
          "line": 15,
          "column": 11
        },
        "end": {
          "line": 15,
          "column": 15
        }
      }
    },
    {
      "type": {
        "label": "}",
        "beforeExpr": false,
        "startsExpr": false,
        "rightAssociative": false,
        "isLoop": false,
        "isAssign": false,
        "prefix": false,
        "postfix": false,
        "binop": null
      },
      "start": 414,
      "end": 415,
      "loc": {
        "start": {
          "line": 16,
          "column": 2
        },
        "end": {
          "line": 16,
          "column": 3
        }
      }
    },
    {
      "type": {
        "label": "}",
        "beforeExpr": false,
        "startsExpr": false,
        "rightAssociative": false,
        "isLoop": false,
        "isAssign": false,
        "prefix": false,
        "postfix": false,
        "binop": null
      },
      "start": 416,
      "end": 417,
      "loc": {
        "start": {
          "line": 17,
          "column": 0
        },
        "end": {
          "line": 17,
          "column": 1
        }
      }
    },
    {
      "type": {
        "label": ",",
        "beforeExpr": true,
        "startsExpr": false,
        "rightAssociative": false,
        "isLoop": false,
        "isAssign": false,
        "prefix": false,
        "postfix": false,
        "binop": null,
        "updateContext": null
      },
      "start": 417,
      "end": 418,
      "loc": {
        "start": {
          "line": 17,
          "column": 1
        },
        "end": {
          "line": 17,
          "column": 2
        }
      }
    },
    {
      "type": {
        "label": "{",
        "beforeExpr": true,
        "startsExpr": true,
        "rightAssociative": false,
        "isLoop": false,
        "isAssign": false,
        "prefix": false,
        "postfix": false,
        "binop": null
      },
      "start": 419,
      "end": 420,
      "loc": {
        "start": {
          "line": 17,
          "column": 3
        },
        "end": {
          "line": 17,
          "column": 4
        }
      }
    },
    {
      "type": {
        "label": "name",
        "beforeExpr": false,
        "startsExpr": true,
        "rightAssociative": false,
        "isLoop": false,
        "isAssign": false,
        "prefix": false,
        "postfix": false,
        "binop": null
      },
      "value": "TYPE_NAME",
      "start": 423,
      "end": 432,
      "loc": {
        "start": {
          "line": 18,
          "column": 2
        },
        "end": {
          "line": 18,
          "column": 11
        }
      }
    },
    {
      "type": {
        "label": ":",
        "beforeExpr": true,
        "startsExpr": false,
        "rightAssociative": false,
        "isLoop": false,
        "isAssign": false,
        "prefix": false,
        "postfix": false,
        "binop": null,
        "updateContext": null
      },
      "start": 432,
      "end": 433,
      "loc": {
        "start": {
          "line": 18,
          "column": 11
        },
        "end": {
          "line": 18,
          "column": 12
        }
      }
    },
    {
      "type": {
        "label": "string",
        "beforeExpr": false,
        "startsExpr": true,
        "rightAssociative": false,
        "isLoop": false,
        "isAssign": false,
        "prefix": false,
        "postfix": false,
        "binop": null,
        "updateContext": null
      },
      "value": "hasOne",
      "start": 434,
      "end": 442,
      "loc": {
        "start": {
          "line": 18,
          "column": 13
        },
        "end": {
          "line": 18,
          "column": 21
        }
      }
    },
    {
      "type": {
        "label": "}",
        "beforeExpr": false,
        "startsExpr": false,
        "rightAssociative": false,
        "isLoop": false,
        "isAssign": false,
        "prefix": false,
        "postfix": false,
        "binop": null
      },
      "start": 443,
      "end": 444,
      "loc": {
        "start": {
          "line": 19,
          "column": 0
        },
        "end": {
          "line": 19,
          "column": 1
        }
      }
    },
    {
      "type": {
        "label": ")",
        "beforeExpr": false,
        "startsExpr": false,
        "rightAssociative": false,
        "isLoop": false,
        "isAssign": false,
        "prefix": false,
        "postfix": false,
        "binop": null
      },
      "start": 444,
      "end": 445,
      "loc": {
        "start": {
          "line": 19,
          "column": 1
        },
        "end": {
          "line": 19,
          "column": 2
        }
      }
    },
    {
      "type": {
        "label": "eof",
        "beforeExpr": false,
        "startsExpr": false,
        "rightAssociative": false,
        "isLoop": false,
        "isAssign": false,
        "prefix": false,
        "postfix": false,
        "binop": null,
        "updateContext": null
      },
      "start": 446,
      "end": 446,
      "loc": {
        "start": {
          "line": 20,
          "column": 0
        },
        "end": {
          "line": 20,
          "column": 0
        }
      }
    }
  ]
}