{
  "type": "File",
  "start": 0,
  "end": 435,
  "loc": {
    "start": {
      "line": 1,
      "column": 0
    },
    "end": {
      "line": 12,
      "column": 0
    }
  },
  "program": {
    "type": "Program",
    "start": 0,
    "end": 435,
    "loc": {
      "start": {
        "line": 1,
        "column": 0
      },
      "end": {
        "line": 12,
        "column": 0
      }
    },
    "sourceType": "module",
    "body": [
      {
        "type": "ImportDeclaration",
        "start": 0,
        "end": 34,
        "loc": {
          "start": {
            "line": 1,
            "column": 0
          },
          "end": {
            "line": 1,
            "column": 34
          }
        },
        "specifiers": [
          {
            "type": "ImportDefaultSpecifier",
            "start": 7,
            "end": 15,
            "loc": {
              "start": {
                "line": 1,
                "column": 7
              },
              "end": {
                "line": 1,
                "column": 15
              }
            },
            "local": {
              "type": "Identifier",
              "start": 7,
              "end": 15,
              "loc": {
                "start": {
                  "line": 1,
                  "column": 7
                },
                "end": {
                  "line": 1,
                  "column": 15
                },
                "identifierName": "DateTime"
              },
              "name": "DateTime"
            }
          }
        ],
        "source": {
          "type": "StringLiteral",
          "start": 21,
          "end": 33,
          "loc": {
            "start": {
              "line": 1,
              "column": 21
            },
            "end": {
              "line": 1,
              "column": 33
            }
          },
          "extra": {
            "rawValue": "./datetime",
            "raw": "\"./datetime\""
          },
          "value": "./datetime"
        }
      },
      {
        "type": "ImportDeclaration",
        "start": 35,
        "end": 69,
        "loc": {
          "start": {
            "line": 2,
            "column": 0
          },
          "end": {
            "line": 2,
            "column": 34
          }
        },
        "specifiers": [
          {
            "type": "ImportDefaultSpecifier",
            "start": 42,
            "end": 50,
            "loc": {
              "start": {
                "line": 2,
                "column": 7
              },
              "end": {
                "line": 2,
                "column": 15
              }
            },
            "local": {
              "type": "Identifier",
              "start": 42,
              "end": 50,
              "loc": {
                "start": {
                  "line": 2,
                  "column": 7
                },
                "end": {
                  "line": 2,
                  "column": 15
                },
                "identifierName": "Duration"
              },
              "name": "Duration"
            }
          }
        ],
        "source": {
          "type": "StringLiteral",
          "start": 56,
          "end": 68,
          "loc": {
            "start": {
              "line": 2,
              "column": 21
            },
            "end": {
              "line": 2,
              "column": 33
            }
          },
          "extra": {
            "rawValue": "./duration",
            "raw": "\"./duration\""
          },
          "value": "./duration"
        }
      },
      {
        "type": "ImportDeclaration",
        "start": 70,
        "end": 104,
        "loc": {
          "start": {
            "line": 3,
            "column": 0
          },
          "end": {
            "line": 3,
            "column": 34
          }
        },
        "specifiers": [
          {
            "type": "ImportDefaultSpecifier",
            "start": 77,
            "end": 85,
            "loc": {
              "start": {
                "line": 3,
                "column": 7
              },
              "end": {
                "line": 3,
                "column": 15
              }
            },
            "local": {
              "type": "Identifier",
              "start": 77,
              "end": 85,
              "loc": {
                "start": {
                  "line": 3,
                  "column": 7
                },
                "end": {
                  "line": 3,
                  "column": 15
                },
                "identifierName": "Interval"
              },
              "name": "Interval"
            }
          }
        ],
        "source": {
          "type": "StringLiteral",
          "start": 91,
          "end": 103,
          "loc": {
            "start": {
              "line": 3,
              "column": 21
            },
            "end": {
              "line": 3,
              "column": 33
            }
          },
          "extra": {
            "rawValue": "./interval",
            "raw": "\"./interval\""
          },
          "value": "./interval"
        }
      },
      {
        "type": "ImportDeclaration",
        "start": 105,
        "end": 131,
        "loc": {
          "start": {
            "line": 4,
            "column": 0
          },
          "end": {
            "line": 4,
            "column": 26
          }
        },
        "specifiers": [
          {
            "type": "ImportDefaultSpecifier",
            "start": 112,
            "end": 116,
            "loc": {
              "start": {
                "line": 4,
                "column": 7
              },
              "end": {
                "line": 4,
                "column": 11
              }
            },
            "local": {
              "type": "Identifier",
              "start": 112,
              "end": 116,
              "loc": {
                "start": {
                  "line": 4,
                  "column": 7
                },
                "end": {
                  "line": 4,
                  "column": 11
                },
                "identifierName": "Info"
              },
              "name": "Info"
            }
          }
        ],
        "source": {
          "type": "StringLiteral",
          "start": 122,
          "end": 130,
          "loc": {
            "start": {
              "line": 4,
              "column": 17
            },
            "end": {
              "line": 4,
              "column": 25
            }
          },
          "extra": {
            "rawValue": "./info",
            "raw": "\"./info\""
          },
          "value": "./info"
        }
      },
      {
        "type": "ImportDeclaration",
        "start": 132,
        "end": 158,
        "loc": {
          "start": {
            "line": 5,
            "column": 0
          },
          "end": {
            "line": 5,
            "column": 26
          }
        },
        "specifiers": [
          {
            "type": "ImportDefaultSpecifier",
            "start": 139,
            "end": 143,
            "loc": {
              "start": {
                "line": 5,
                "column": 7
              },
              "end": {
                "line": 5,
                "column": 11
              }
            },
            "local": {
              "type": "Identifier",
              "start": 139,
              "end": 143,
              "loc": {
                "start": {
                  "line": 5,
                  "column": 7
                },
                "end": {
                  "line": 5,
                  "column": 11
                },
                "identifierName": "Zone"
              },
              "name": "Zone"
            }
          }
        ],
        "source": {
          "type": "StringLiteral",
          "start": 149,
          "end": 157,
          "loc": {
            "start": {
              "line": 5,
              "column": 17
            },
            "end": {
              "line": 5,
              "column": 25
            }
          },
          "extra": {
            "rawValue": "./zone",
            "raw": "\"./zone\""
          },
          "value": "./zone"
        }
      },
      {
        "type": "ImportDeclaration",
        "start": 159,
        "end": 213,
        "loc": {
          "start": {
            "line": 6,
            "column": 0
          },
          "end": {
            "line": 6,
            "column": 54
          }
        },
        "specifiers": [
          {
            "type": "ImportDefaultSpecifier",
            "start": 166,
            "end": 181,
            "loc": {
              "start": {
                "line": 6,
                "column": 7
              },
              "end": {
                "line": 6,
                "column": 22
              }
            },
            "local": {
              "type": "Identifier",
              "start": 166,
              "end": 181,
              "loc": {
                "start": {
                  "line": 6,
                  "column": 7
                },
                "end": {
                  "line": 6,
                  "column": 22
                },
                "identifierName": "FixedOffsetZone"
              },
              "name": "FixedOffsetZone"
            }
          }
        ],
        "source": {
          "type": "StringLiteral",
          "start": 187,
          "end": 212,
          "loc": {
            "start": {
              "line": 6,
              "column": 28
            },
            "end": {
              "line": 6,
              "column": 53
            }
          },
          "extra": {
            "rawValue": "./zones/fixedOffsetZone",
            "raw": "\"./zones/fixedOffsetZone\""
          },
          "value": "./zones/fixedOffsetZone"
        }
      },
      {
        "type": "ImportDeclaration",
        "start": 214,
        "end": 254,
        "loc": {
          "start": {
            "line": 7,
            "column": 0
          },
          "end": {
            "line": 7,
            "column": 40
          }
        },
        "specifiers": [
          {
            "type": "ImportDefaultSpecifier",
            "start": 221,
            "end": 229,
            "loc": {
              "start": {
                "line": 7,
                "column": 7
              },
              "end": {
                "line": 7,
                "column": 15
              }
            },
            "local": {
              "type": "Identifier",
              "start": 221,
              "end": 229,
              "loc": {
                "start": {
                  "line": 7,
                  "column": 7
                },
                "end": {
                  "line": 7,
                  "column": 15
                },
                "identifierName": "IANAZone"
              },
              "name": "IANAZone"
            }
          }
        ],
        "source": {
          "type": "StringLiteral",
          "start": 235,
          "end": 253,
          "loc": {
            "start": {
              "line": 7,
              "column": 21
            },
            "end": {
              "line": 7,
              "column": 39
            }
          },
          "extra": {
            "rawValue": "./zones/IANAZone",
            "raw": "\"./zones/IANAZone\""
          },
          "value": "./zones/IANAZone"
        }
      },
      {
        "type": "ImportDeclaration",
        "start": 255,
        "end": 297,
        "loc": {
          "start": {
            "line": 8,
            "column": 0
          },
          "end": {
            "line": 8,
            "column": 42
          }
        },
        "specifiers": [
          {
            "type": "ImportDefaultSpecifier",
            "start": 262,
            "end": 271,
            "loc": {
              "start": {
                "line": 8,
                "column": 7
              },
              "end": {
                "line": 8,
                "column": 16
              }
            },
            "local": {
              "type": "Identifier",
              "start": 262,
              "end": 271,
              "loc": {
                "start": {
                  "line": 8,
                  "column": 7
                },
                "end": {
                  "line": 8,
                  "column": 16
                },
                "identifierName": "LocalZone"
              },
              "name": "LocalZone"
            }
          }
        ],
        "source": {
          "type": "StringLiteral",
          "start": 277,
          "end": 296,
          "loc": {
            "start": {
              "line": 8,
              "column": 22
            },
            "end": {
              "line": 8,
              "column": 41
            }
          },
          "extra": {
            "rawValue": "./zones/localZone",
            "raw": "\"./zones/localZone\""
          },
          "value": "./zones/localZone"
        }
      },
      {
        "type": "ImportDeclaration",
        "start": 298,
        "end": 332,
        "loc": {
          "start": {
            "line": 9,
            "column": 0
          },
          "end": {
            "line": 9,
            "column": 34
          }
        },
        "specifiers": [
          {
            "type": "ImportDefaultSpecifier",
            "start": 305,
            "end": 313,
            "loc": {
              "start": {
                "line": 9,
                "column": 7
              },
              "end": {
                "line": 9,
                "column": 15
              }
            },
            "local": {
              "type": "Identifier",
              "start": 305,
              "end": 313,
              "loc": {
                "start": {
                  "line": 9,
                  "column": 7
                },
                "end": {
                  "line": 9,
                  "column": 15
                },
                "identifierName": "Settings"
              },
              "name": "Settings"
            }
          }
        ],
        "source": {
          "type": "StringLiteral",
          "start": 319,
          "end": 331,
          "loc": {
            "start": {
              "line": 9,
              "column": 21
            },
            "end": {
              "line": 9,
              "column": 33
            }
          },
          "extra": {
            "rawValue": "./settings",
            "raw": "\"./settings\""
          },
          "value": "./settings"
        }
      },
      {
        "type": "ExportNamedDeclaration",
        "start": 334,
        "end": 434,
        "loc": {
          "start": {
            "line": 11,
            "column": 0
          },
          "end": {
            "line": 11,
            "column": 100
          }
        },
        "declaration": null,
        "specifiers": [
          {
            "type": "ExportSpecifier",
            "start": 343,
            "end": 351,
            "loc": {
              "start": {
                "line": 11,
                "column": 9
              },
              "end": {
                "line": 11,
                "column": 17
              }
            },
            "local": {
              "type": "Identifier",
              "start": 343,
              "end": 351,
              "loc": {
                "start": {
                  "line": 11,
                  "column": 9
                },
                "end": {
                  "line": 11,
                  "column": 17
                },
                "identifierName": "DateTime"
              },
              "name": "DateTime"
            },
            "exported": {
              "type": "Identifier",
              "start": 343,
              "end": 351,
              "loc": {
                "start": {
                  "line": 11,
                  "column": 9
                },
                "end": {
                  "line": 11,
                  "column": 17
                },
                "identifierName": "DateTime"
              },
              "name": "DateTime"
            }
          },
          {
            "type": "ExportSpecifier",
            "start": 353,
            "end": 361,
            "loc": {
              "start": {
                "line": 11,
                "column": 19
              },
              "end": {
                "line": 11,
                "column": 27
              }
            },
            "local": {
              "type": "Identifier",
              "start": 353,
              "end": 361,
              "loc": {
                "start": {
                  "line": 11,
                  "column": 19
                },
                "end": {
                  "line": 11,
                  "column": 27
                },
                "identifierName": "Duration"
              },
              "name": "Duration"
            },
            "exported": {
              "type": "Identifier",
              "start": 353,
              "end": 361,
              "loc": {
                "start": {
                  "line": 11,
                  "column": 19
                },
                "end": {
                  "line": 11,
                  "column": 27
                },
                "identifierName": "Duration"
              },
              "name": "Duration"
            }
          },
          {
            "type": "ExportSpecifier",
            "start": 363,
            "end": 371,
            "loc": {
              "start": {
                "line": 11,
                "column": 29
              },
              "end": {
                "line": 11,
                "column": 37
              }
            },
            "local": {
              "type": "Identifier",
              "start": 363,
              "end": 371,
              "loc": {
                "start": {
                  "line": 11,
                  "column": 29
                },
                "end": {
                  "line": 11,
                  "column": 37
                },
                "identifierName": "Interval"
              },
              "name": "Interval"
            },
            "exported": {
              "type": "Identifier",
              "start": 363,
              "end": 371,
              "loc": {
                "start": {
                  "line": 11,
                  "column": 29
                },
                "end": {
                  "line": 11,
                  "column": 37
                },
                "identifierName": "Interval"
              },
              "name": "Interval"
            }
          },
          {
            "type": "ExportSpecifier",
            "start": 373,
            "end": 377,
            "loc": {
              "start": {
                "line": 11,
                "column": 39
              },
              "end": {
                "line": 11,
                "column": 43
              }
            },
            "local": {
              "type": "Identifier",
              "start": 373,
              "end": 377,
              "loc": {
                "start": {
                  "line": 11,
                  "column": 39
                },
                "end": {
                  "line": 11,
                  "column": 43
                },
                "identifierName": "Info"
              },
              "name": "Info"
            },
            "exported": {
              "type": "Identifier",
              "start": 373,
              "end": 377,
              "loc": {
                "start": {
                  "line": 11,
                  "column": 39
                },
                "end": {
                  "line": 11,
                  "column": 43
                },
                "identifierName": "Info"
              },
              "name": "Info"
            }
          },
          {
            "type": "ExportSpecifier",
            "start": 379,
            "end": 383,
            "loc": {
              "start": {
                "line": 11,
                "column": 45
              },
              "end": {
                "line": 11,
                "column": 49
              }
            },
            "local": {
              "type": "Identifier",
              "start": 379,
              "end": 383,
              "loc": {
                "start": {
                  "line": 11,
                  "column": 45
                },
                "end": {
                  "line": 11,
                  "column": 49
                },
                "identifierName": "Zone"
              },
              "name": "Zone"
            },
            "exported": {
              "type": "Identifier",
              "start": 379,
              "end": 383,
              "loc": {
                "start": {
                  "line": 11,
                  "column": 45
                },
                "end": {
                  "line": 11,
                  "column": 49
                },
                "identifierName": "Zone"
              },
              "name": "Zone"
            }
          },
          {
            "type": "ExportSpecifier",
            "start": 385,
            "end": 400,
            "loc": {
              "start": {
                "line": 11,
                "column": 51
              },
              "end": {
                "line": 11,
                "column": 66
              }
            },
            "local": {
              "type": "Identifier",
              "start": 385,
              "end": 400,
              "loc": {
                "start": {
                  "line": 11,
                  "column": 51
                },
                "end": {
                  "line": 11,
                  "column": 66
                },
                "identifierName": "FixedOffsetZone"
              },
              "name": "FixedOffsetZone"
            },
            "exported": {
              "type": "Identifier",
              "start": 385,
              "end": 400,
              "loc": {
                "start": {
                  "line": 11,
                  "column": 51
                },
                "end": {
                  "line": 11,
                  "column": 66
                },
                "identifierName": "FixedOffsetZone"
              },
              "name": "FixedOffsetZone"
            }
          },
          {
            "type": "ExportSpecifier",
            "start": 402,
            "end": 410,
            "loc": {
              "start": {
                "line": 11,
                "column": 68
              },
              "end": {
                "line": 11,
                "column": 76
              }
            },
            "local": {
              "type": "Identifier",
              "start": 402,
              "end": 410,
              "loc": {
                "start": {
                  "line": 11,
                  "column": 68
                },
                "end": {
                  "line": 11,
                  "column": 76
                },
                "identifierName": "IANAZone"
              },
              "name": "IANAZone"
            },
            "exported": {
              "type": "Identifier",
              "start": 402,
              "end": 410,
              "loc": {
                "start": {
                  "line": 11,
                  "column": 68
                },
                "end": {
                  "line": 11,
                  "column": 76
                },
                "identifierName": "IANAZone"
              },
              "name": "IANAZone"
            }
          },
          {
            "type": "ExportSpecifier",
            "start": 412,
            "end": 421,
            "loc": {
              "start": {
                "line": 11,
                "column": 78
              },
              "end": {
                "line": 11,
                "column": 87
              }
            },
            "local": {
              "type": "Identifier",
              "start": 412,
              "end": 421,
              "loc": {
                "start": {
                  "line": 11,
                  "column": 78
                },
                "end": {
                  "line": 11,
                  "column": 87
                },
                "identifierName": "LocalZone"
              },
              "name": "LocalZone"
            },
            "exported": {
              "type": "Identifier",
              "start": 412,
              "end": 421,
              "loc": {
                "start": {
                  "line": 11,
                  "column": 78
                },
                "end": {
                  "line": 11,
                  "column": 87
                },
                "identifierName": "LocalZone"
              },
              "name": "LocalZone"
            }
          },
          {
            "type": "ExportSpecifier",
            "start": 423,
            "end": 431,
            "loc": {
              "start": {
                "line": 11,
                "column": 89
              },
              "end": {
                "line": 11,
                "column": 97
              }
            },
            "local": {
              "type": "Identifier",
              "start": 423,
              "end": 431,
              "loc": {
                "start": {
                  "line": 11,
                  "column": 89
                },
                "end": {
                  "line": 11,
                  "column": 97
                },
                "identifierName": "Settings"
              },
              "name": "Settings"
            },
            "exported": {
              "type": "Identifier",
              "start": 423,
              "end": 431,
              "loc": {
                "start": {
                  "line": 11,
                  "column": 89
                },
                "end": {
                  "line": 11,
                  "column": 97
                },
                "identifierName": "Settings"
              },
              "name": "Settings"
            }
          }
        ],
        "source": null
      }
    ],
    "directives": []
  },
  "comments": [],
  "tokens": [
    {
      "type": {
        "label": "import",
        "keyword": "import",
        "beforeExpr": false,
        "startsExpr": true,
        "rightAssociative": false,
        "isLoop": false,
        "isAssign": false,
        "prefix": false,
        "postfix": false,
        "binop": null,
        "updateContext": null
      },
      "value": "import",
      "start": 0,
      "end": 6,
      "loc": {
        "start": {
          "line": 1,
          "column": 0
        },
        "end": {
          "line": 1,
          "column": 6
        }
      }
    },
    {
      "type": {
        "label": "name",
        "beforeExpr": false,
        "startsExpr": true,
        "rightAssociative": false,
        "isLoop": false,
        "isAssign": false,
        "prefix": false,
        "postfix": false,
        "binop": null
      },
      "value": "DateTime",
      "start": 7,
      "end": 15,
      "loc": {
        "start": {
          "line": 1,
          "column": 7
        },
        "end": {
          "line": 1,
          "column": 15
        }
      }
    },
    {
      "type": {
        "label": "name",
        "beforeExpr": false,
        "startsExpr": true,
        "rightAssociative": false,
        "isLoop": false,
        "isAssign": false,
        "prefix": false,
        "postfix": false,
        "binop": null
      },
      "value": "from",
      "start": 16,
      "end": 20,
      "loc": {
        "start": {
          "line": 1,
          "column": 16
        },
        "end": {
          "line": 1,
          "column": 20
        }
      }
    },
    {
      "type": {
        "label": "string",
        "beforeExpr": false,
        "startsExpr": true,
        "rightAssociative": false,
        "isLoop": false,
        "isAssign": false,
        "prefix": false,
        "postfix": false,
        "binop": null,
        "updateContext": null
      },
      "value": "./datetime",
      "start": 21,
      "end": 33,
      "loc": {
        "start": {
          "line": 1,
          "column": 21
        },
        "end": {
          "line": 1,
          "column": 33
        }
      }
    },
    {
      "type": {
        "label": ";",
        "beforeExpr": true,
        "startsExpr": false,
        "rightAssociative": false,
        "isLoop": false,
        "isAssign": false,
        "prefix": false,
        "postfix": false,
        "binop": null,
        "updateContext": null
      },
      "start": 33,
      "end": 34,
      "loc": {
        "start": {
          "line": 1,
          "column": 33
        },
        "end": {
          "line": 1,
          "column": 34
        }
      }
    },
    {
      "type": {
        "label": "import",
        "keyword": "import",
        "beforeExpr": false,
        "startsExpr": true,
        "rightAssociative": false,
        "isLoop": false,
        "isAssign": false,
        "prefix": false,
        "postfix": false,
        "binop": null,
        "updateContext": null
      },
      "value": "import",
      "start": 35,
      "end": 41,
      "loc": {
        "start": {
          "line": 2,
          "column": 0
        },
        "end": {
          "line": 2,
          "column": 6
        }
      }
    },
    {
      "type": {
        "label": "name",
        "beforeExpr": false,
        "startsExpr": true,
        "rightAssociative": false,
        "isLoop": false,
        "isAssign": false,
        "prefix": false,
        "postfix": false,
        "binop": null
      },
      "value": "Duration",
      "start": 42,
      "end": 50,
      "loc": {
        "start": {
          "line": 2,
          "column": 7
        },
        "end": {
          "line": 2,
          "column": 15
        }
      }
    },
    {
      "type": {
        "label": "name",
        "beforeExpr": false,
        "startsExpr": true,
        "rightAssociative": false,
        "isLoop": false,
        "isAssign": false,
        "prefix": false,
        "postfix": false,
        "binop": null
      },
      "value": "from",
      "start": 51,
      "end": 55,
      "loc": {
        "start": {
          "line": 2,
          "column": 16
        },
        "end": {
          "line": 2,
          "column": 20
        }
      }
    },
    {
      "type": {
        "label": "string",
        "beforeExpr": false,
        "startsExpr": true,
        "rightAssociative": false,
        "isLoop": false,
        "isAssign": false,
        "prefix": false,
        "postfix": false,
        "binop": null,
        "updateContext": null
      },
      "value": "./duration",
      "start": 56,
      "end": 68,
      "loc": {
        "start": {
          "line": 2,
          "column": 21
        },
        "end": {
          "line": 2,
          "column": 33
        }
      }
    },
    {
      "type": {
        "label": ";",
        "beforeExpr": true,
        "startsExpr": false,
        "rightAssociative": false,
        "isLoop": false,
        "isAssign": false,
        "prefix": false,
        "postfix": false,
        "binop": null,
        "updateContext": null
      },
      "start": 68,
      "end": 69,
      "loc": {
        "start": {
          "line": 2,
          "column": 33
        },
        "end": {
          "line": 2,
          "column": 34
        }
      }
    },
    {
      "type": {
        "label": "import",
        "keyword": "import",
        "beforeExpr": false,
        "startsExpr": true,
        "rightAssociative": false,
        "isLoop": false,
        "isAssign": false,
        "prefix": false,
        "postfix": false,
        "binop": null,
        "updateContext": null
      },
      "value": "import",
      "start": 70,
      "end": 76,
      "loc": {
        "start": {
          "line": 3,
          "column": 0
        },
        "end": {
          "line": 3,
          "column": 6
        }
      }
    },
    {
      "type": {
        "label": "name",
        "beforeExpr": false,
        "startsExpr": true,
        "rightAssociative": false,
        "isLoop": false,
        "isAssign": false,
        "prefix": false,
        "postfix": false,
        "binop": null
      },
      "value": "Interval",
      "start": 77,
      "end": 85,
      "loc": {
        "start": {
          "line": 3,
          "column": 7
        },
        "end": {
          "line": 3,
          "column": 15
        }
      }
    },
    {
      "type": {
        "label": "name",
        "beforeExpr": false,
        "startsExpr": true,
        "rightAssociative": false,
        "isLoop": false,
        "isAssign": false,
        "prefix": false,
        "postfix": false,
        "binop": null
      },
      "value": "from",
      "start": 86,
      "end": 90,
      "loc": {
        "start": {
          "line": 3,
          "column": 16
        },
        "end": {
          "line": 3,
          "column": 20
        }
      }
    },
    {
      "type": {
        "label": "string",
        "beforeExpr": false,
        "startsExpr": true,
        "rightAssociative": false,
        "isLoop": false,
        "isAssign": false,
        "prefix": false,
        "postfix": false,
        "binop": null,
        "updateContext": null
      },
      "value": "./interval",
      "start": 91,
      "end": 103,
      "loc": {
        "start": {
          "line": 3,
          "column": 21
        },
        "end": {
          "line": 3,
          "column": 33
        }
      }
    },
    {
      "type": {
        "label": ";",
        "beforeExpr": true,
        "startsExpr": false,
        "rightAssociative": false,
        "isLoop": false,
        "isAssign": false,
        "prefix": false,
        "postfix": false,
        "binop": null,
        "updateContext": null
      },
      "start": 103,
      "end": 104,
      "loc": {
        "start": {
          "line": 3,
          "column": 33
        },
        "end": {
          "line": 3,
          "column": 34
        }
      }
    },
    {
      "type": {
        "label": "import",
        "keyword": "import",
        "beforeExpr": false,
        "startsExpr": true,
        "rightAssociative": false,
        "isLoop": false,
        "isAssign": false,
        "prefix": false,
        "postfix": false,
        "binop": null,
        "updateContext": null
      },
      "value": "import",
      "start": 105,
      "end": 111,
      "loc": {
        "start": {
          "line": 4,
          "column": 0
        },
        "end": {
          "line": 4,
          "column": 6
        }
      }
    },
    {
      "type": {
        "label": "name",
        "beforeExpr": false,
        "startsExpr": true,
        "rightAssociative": false,
        "isLoop": false,
        "isAssign": false,
        "prefix": false,
        "postfix": false,
        "binop": null
      },
      "value": "Info",
      "start": 112,
      "end": 116,
      "loc": {
        "start": {
          "line": 4,
          "column": 7
        },
        "end": {
          "line": 4,
          "column": 11
        }
      }
    },
    {
      "type": {
        "label": "name",
        "beforeExpr": false,
        "startsExpr": true,
        "rightAssociative": false,
        "isLoop": false,
        "isAssign": false,
        "prefix": false,
        "postfix": false,
        "binop": null
      },
      "value": "from",
      "start": 117,
      "end": 121,
      "loc": {
        "start": {
          "line": 4,
          "column": 12
        },
        "end": {
          "line": 4,
          "column": 16
        }
      }
    },
    {
      "type": {
        "label": "string",
        "beforeExpr": false,
        "startsExpr": true,
        "rightAssociative": false,
        "isLoop": false,
        "isAssign": false,
        "prefix": false,
        "postfix": false,
        "binop": null,
        "updateContext": null
      },
      "value": "./info",
      "start": 122,
      "end": 130,
      "loc": {
        "start": {
          "line": 4,
          "column": 17
        },
        "end": {
          "line": 4,
          "column": 25
        }
      }
    },
    {
      "type": {
        "label": ";",
        "beforeExpr": true,
        "startsExpr": false,
        "rightAssociative": false,
        "isLoop": false,
        "isAssign": false,
        "prefix": false,
        "postfix": false,
        "binop": null,
        "updateContext": null
      },
      "start": 130,
      "end": 131,
      "loc": {
        "start": {
          "line": 4,
          "column": 25
        },
        "end": {
          "line": 4,
          "column": 26
        }
      }
    },
    {
      "type": {
        "label": "import",
        "keyword": "import",
        "beforeExpr": false,
        "startsExpr": true,
        "rightAssociative": false,
        "isLoop": false,
        "isAssign": false,
        "prefix": false,
        "postfix": false,
        "binop": null,
        "updateContext": null
      },
      "value": "import",
      "start": 132,
      "end": 138,
      "loc": {
        "start": {
          "line": 5,
          "column": 0
        },
        "end": {
          "line": 5,
          "column": 6
        }
      }
    },
    {
      "type": {
        "label": "name",
        "beforeExpr": false,
        "startsExpr": true,
        "rightAssociative": false,
        "isLoop": false,
        "isAssign": false,
        "prefix": false,
        "postfix": false,
        "binop": null
      },
      "value": "Zone",
      "start": 139,
      "end": 143,
      "loc": {
        "start": {
          "line": 5,
          "column": 7
        },
        "end": {
          "line": 5,
          "column": 11
        }
      }
    },
    {
      "type": {
        "label": "name",
        "beforeExpr": false,
        "startsExpr": true,
        "rightAssociative": false,
        "isLoop": false,
        "isAssign": false,
        "prefix": false,
        "postfix": false,
        "binop": null
      },
      "value": "from",
      "start": 144,
      "end": 148,
      "loc": {
        "start": {
          "line": 5,
          "column": 12
        },
        "end": {
          "line": 5,
          "column": 16
        }
      }
    },
    {
      "type": {
        "label": "string",
        "beforeExpr": false,
        "startsExpr": true,
        "rightAssociative": false,
        "isLoop": false,
        "isAssign": false,
        "prefix": false,
        "postfix": false,
        "binop": null,
        "updateContext": null
      },
      "value": "./zone",
      "start": 149,
      "end": 157,
      "loc": {
        "start": {
          "line": 5,
          "column": 17
        },
        "end": {
          "line": 5,
          "column": 25
        }
      }
    },
    {
      "type": {
        "label": ";",
        "beforeExpr": true,
        "startsExpr": false,
        "rightAssociative": false,
        "isLoop": false,
        "isAssign": false,
        "prefix": false,
        "postfix": false,
        "binop": null,
        "updateContext": null
      },
      "start": 157,
      "end": 158,
      "loc": {
        "start": {
          "line": 5,
          "column": 25
        },
        "end": {
          "line": 5,
          "column": 26
        }
      }
    },
    {
      "type": {
        "label": "import",
        "keyword": "import",
        "beforeExpr": false,
        "startsExpr": true,
        "rightAssociative": false,
        "isLoop": false,
        "isAssign": false,
        "prefix": false,
        "postfix": false,
        "binop": null,
        "updateContext": null
      },
      "value": "import",
      "start": 159,
      "end": 165,
      "loc": {
        "start": {
          "line": 6,
          "column": 0
        },
        "end": {
          "line": 6,
          "column": 6
        }
      }
    },
    {
      "type": {
        "label": "name",
        "beforeExpr": false,
        "startsExpr": true,
        "rightAssociative": false,
        "isLoop": false,
        "isAssign": false,
        "prefix": false,
        "postfix": false,
        "binop": null
      },
      "value": "FixedOffsetZone",
      "start": 166,
      "end": 181,
      "loc": {
        "start": {
          "line": 6,
          "column": 7
        },
        "end": {
          "line": 6,
          "column": 22
        }
      }
    },
    {
      "type": {
        "label": "name",
        "beforeExpr": false,
        "startsExpr": true,
        "rightAssociative": false,
        "isLoop": false,
        "isAssign": false,
        "prefix": false,
        "postfix": false,
        "binop": null
      },
      "value": "from",
      "start": 182,
      "end": 186,
      "loc": {
        "start": {
          "line": 6,
          "column": 23
        },
        "end": {
          "line": 6,
          "column": 27
        }
      }
    },
    {
      "type": {
        "label": "string",
        "beforeExpr": false,
        "startsExpr": true,
        "rightAssociative": false,
        "isLoop": false,
        "isAssign": false,
        "prefix": false,
        "postfix": false,
        "binop": null,
        "updateContext": null
      },
      "value": "./zones/fixedOffsetZone",
      "start": 187,
      "end": 212,
      "loc": {
        "start": {
          "line": 6,
          "column": 28
        },
        "end": {
          "line": 6,
          "column": 53
        }
      }
    },
    {
      "type": {
        "label": ";",
        "beforeExpr": true,
        "startsExpr": false,
        "rightAssociative": false,
        "isLoop": false,
        "isAssign": false,
        "prefix": false,
        "postfix": false,
        "binop": null,
        "updateContext": null
      },
      "start": 212,
      "end": 213,
      "loc": {
        "start": {
          "line": 6,
          "column": 53
        },
        "end": {
          "line": 6,
          "column": 54
        }
      }
    },
    {
      "type": {
        "label": "import",
        "keyword": "import",
        "beforeExpr": false,
        "startsExpr": true,
        "rightAssociative": false,
        "isLoop": false,
        "isAssign": false,
        "prefix": false,
        "postfix": false,
        "binop": null,
        "updateContext": null
      },
      "value": "import",
      "start": 214,
      "end": 220,
      "loc": {
        "start": {
          "line": 7,
          "column": 0
        },
        "end": {
          "line": 7,
          "column": 6
        }
      }
    },
    {
      "type": {
        "label": "name",
        "beforeExpr": false,
        "startsExpr": true,
        "rightAssociative": false,
        "isLoop": false,
        "isAssign": false,
        "prefix": false,
        "postfix": false,
        "binop": null
      },
      "value": "IANAZone",
      "start": 221,
      "end": 229,
      "loc": {
        "start": {
          "line": 7,
          "column": 7
        },
        "end": {
          "line": 7,
          "column": 15
        }
      }
    },
    {
      "type": {
        "label": "name",
        "beforeExpr": false,
        "startsExpr": true,
        "rightAssociative": false,
        "isLoop": false,
        "isAssign": false,
        "prefix": false,
        "postfix": false,
        "binop": null
      },
      "value": "from",
      "start": 230,
      "end": 234,
      "loc": {
        "start": {
          "line": 7,
          "column": 16
        },
        "end": {
          "line": 7,
          "column": 20
        }
      }
    },
    {
      "type": {
        "label": "string",
        "beforeExpr": false,
        "startsExpr": true,
        "rightAssociative": false,
        "isLoop": false,
        "isAssign": false,
        "prefix": false,
        "postfix": false,
        "binop": null,
        "updateContext": null
      },
      "value": "./zones/IANAZone",
      "start": 235,
      "end": 253,
      "loc": {
        "start": {
          "line": 7,
          "column": 21
        },
        "end": {
          "line": 7,
          "column": 39
        }
      }
    },
    {
      "type": {
        "label": ";",
        "beforeExpr": true,
        "startsExpr": false,
        "rightAssociative": false,
        "isLoop": false,
        "isAssign": false,
        "prefix": false,
        "postfix": false,
        "binop": null,
        "updateContext": null
      },
      "start": 253,
      "end": 254,
      "loc": {
        "start": {
          "line": 7,
          "column": 39
        },
        "end": {
          "line": 7,
          "column": 40
        }
      }
    },
    {
      "type": {
        "label": "import",
        "keyword": "import",
        "beforeExpr": false,
        "startsExpr": true,
        "rightAssociative": false,
        "isLoop": false,
        "isAssign": false,
        "prefix": false,
        "postfix": false,
        "binop": null,
        "updateContext": null
      },
      "value": "import",
      "start": 255,
      "end": 261,
      "loc": {
        "start": {
          "line": 8,
          "column": 0
        },
        "end": {
          "line": 8,
          "column": 6
        }
      }
    },
    {
      "type": {
        "label": "name",
        "beforeExpr": false,
        "startsExpr": true,
        "rightAssociative": false,
        "isLoop": false,
        "isAssign": false,
        "prefix": false,
        "postfix": false,
        "binop": null
      },
      "value": "LocalZone",
      "start": 262,
      "end": 271,
      "loc": {
        "start": {
          "line": 8,
          "column": 7
        },
        "end": {
          "line": 8,
          "column": 16
        }
      }
    },
    {
      "type": {
        "label": "name",
        "beforeExpr": false,
        "startsExpr": true,
        "rightAssociative": false,
        "isLoop": false,
        "isAssign": false,
        "prefix": false,
        "postfix": false,
        "binop": null
      },
      "value": "from",
      "start": 272,
      "end": 276,
      "loc": {
        "start": {
          "line": 8,
          "column": 17
        },
        "end": {
          "line": 8,
          "column": 21
        }
      }
    },
    {
      "type": {
        "label": "string",
        "beforeExpr": false,
        "startsExpr": true,
        "rightAssociative": false,
        "isLoop": false,
        "isAssign": false,
        "prefix": false,
        "postfix": false,
        "binop": null,
        "updateContext": null
      },
      "value": "./zones/localZone",
      "start": 277,
      "end": 296,
      "loc": {
        "start": {
          "line": 8,
          "column": 22
        },
        "end": {
          "line": 8,
          "column": 41
        }
      }
    },
    {
      "type": {
        "label": ";",
        "beforeExpr": true,
        "startsExpr": false,
        "rightAssociative": false,
        "isLoop": false,
        "isAssign": false,
        "prefix": false,
        "postfix": false,
        "binop": null,
        "updateContext": null
      },
      "start": 296,
      "end": 297,
      "loc": {
        "start": {
          "line": 8,
          "column": 41
        },
        "end": {
          "line": 8,
          "column": 42
        }
      }
    },
    {
      "type": {
        "label": "import",
        "keyword": "import",
        "beforeExpr": false,
        "startsExpr": true,
        "rightAssociative": false,
        "isLoop": false,
        "isAssign": false,
        "prefix": false,
        "postfix": false,
        "binop": null,
        "updateContext": null
      },
      "value": "import",
      "start": 298,
      "end": 304,
      "loc": {
        "start": {
          "line": 9,
          "column": 0
        },
        "end": {
          "line": 9,
          "column": 6
        }
      }
    },
    {
      "type": {
        "label": "name",
        "beforeExpr": false,
        "startsExpr": true,
        "rightAssociative": false,
        "isLoop": false,
        "isAssign": false,
        "prefix": false,
        "postfix": false,
        "binop": null
      },
      "value": "Settings",
      "start": 305,
      "end": 313,
      "loc": {
        "start": {
          "line": 9,
          "column": 7
        },
        "end": {
          "line": 9,
          "column": 15
        }
      }
    },
    {
      "type": {
        "label": "name",
        "beforeExpr": false,
        "startsExpr": true,
        "rightAssociative": false,
        "isLoop": false,
        "isAssign": false,
        "prefix": false,
        "postfix": false,
        "binop": null
      },
      "value": "from",
      "start": 314,
      "end": 318,
      "loc": {
        "start": {
          "line": 9,
          "column": 16
        },
        "end": {
          "line": 9,
          "column": 20
        }
      }
    },
    {
      "type": {
        "label": "string",
        "beforeExpr": false,
        "startsExpr": true,
        "rightAssociative": false,
        "isLoop": false,
        "isAssign": false,
        "prefix": false,
        "postfix": false,
        "binop": null,
        "updateContext": null
      },
      "value": "./settings",
      "start": 319,
      "end": 331,
      "loc": {
        "start": {
          "line": 9,
          "column": 21
        },
        "end": {
          "line": 9,
          "column": 33
        }
      }
    },
    {
      "type": {
        "label": ";",
        "beforeExpr": true,
        "startsExpr": false,
        "rightAssociative": false,
        "isLoop": false,
        "isAssign": false,
        "prefix": false,
        "postfix": false,
        "binop": null,
        "updateContext": null
      },
      "start": 331,
      "end": 332,
      "loc": {
        "start": {
          "line": 9,
          "column": 33
        },
        "end": {
          "line": 9,
          "column": 34
        }
      }
    },
    {
      "type": {
        "label": "export",
        "keyword": "export",
        "beforeExpr": false,
        "startsExpr": false,
        "rightAssociative": false,
        "isLoop": false,
        "isAssign": false,
        "prefix": false,
        "postfix": false,
        "binop": null,
        "updateContext": null
      },
      "value": "export",
      "start": 334,
      "end": 340,
      "loc": {
        "start": {
          "line": 11,
          "column": 0
        },
        "end": {
          "line": 11,
          "column": 6
        }
      }
    },
    {
      "type": {
        "label": "{",
        "beforeExpr": true,
        "startsExpr": true,
        "rightAssociative": false,
        "isLoop": false,
        "isAssign": false,
        "prefix": false,
        "postfix": false,
        "binop": null
      },
      "start": 341,
      "end": 342,
      "loc": {
        "start": {
          "line": 11,
          "column": 7
        },
        "end": {
          "line": 11,
          "column": 8
        }
      }
    },
    {
      "type": {
        "label": "name",
        "beforeExpr": false,
        "startsExpr": true,
        "rightAssociative": false,
        "isLoop": false,
        "isAssign": false,
        "prefix": false,
        "postfix": false,
        "binop": null
      },
      "value": "DateTime",
      "start": 343,
      "end": 351,
      "loc": {
        "start": {
          "line": 11,
          "column": 9
        },
        "end": {
          "line": 11,
          "column": 17
        }
      }
    },
    {
      "type": {
        "label": ",",
        "beforeExpr": true,
        "startsExpr": false,
        "rightAssociative": false,
        "isLoop": false,
        "isAssign": false,
        "prefix": false,
        "postfix": false,
        "binop": null,
        "updateContext": null
      },
      "start": 351,
      "end": 352,
      "loc": {
        "start": {
          "line": 11,
          "column": 17
        },
        "end": {
          "line": 11,
          "column": 18
        }
      }
    },
    {
      "type": {
        "label": "name",
        "beforeExpr": false,
        "startsExpr": true,
        "rightAssociative": false,
        "isLoop": false,
        "isAssign": false,
        "prefix": false,
        "postfix": false,
        "binop": null
      },
      "value": "Duration",
      "start": 353,
      "end": 361,
      "loc": {
        "start": {
          "line": 11,
          "column": 19
        },
        "end": {
          "line": 11,
          "column": 27
        }
      }
    },
    {
      "type": {
        "label": ",",
        "beforeExpr": true,
        "startsExpr": false,
        "rightAssociative": false,
        "isLoop": false,
        "isAssign": false,
        "prefix": false,
        "postfix": false,
        "binop": null,
        "updateContext": null
      },
      "start": 361,
      "end": 362,
      "loc": {
        "start": {
          "line": 11,
          "column": 27
        },
        "end": {
          "line": 11,
          "column": 28
        }
      }
    },
    {
      "type": {
        "label": "name",
        "beforeExpr": false,
        "startsExpr": true,
        "rightAssociative": false,
        "isLoop": false,
        "isAssign": false,
        "prefix": false,
        "postfix": false,
        "binop": null
      },
      "value": "Interval",
      "start": 363,
      "end": 371,
      "loc": {
        "start": {
          "line": 11,
          "column": 29
        },
        "end": {
          "line": 11,
          "column": 37
        }
      }
    },
    {
      "type": {
        "label": ",",
        "beforeExpr": true,
        "startsExpr": false,
        "rightAssociative": false,
        "isLoop": false,
        "isAssign": false,
        "prefix": false,
        "postfix": false,
        "binop": null,
        "updateContext": null
      },
      "start": 371,
      "end": 372,
      "loc": {
        "start": {
          "line": 11,
          "column": 37
        },
        "end": {
          "line": 11,
          "column": 38
        }
      }
    },
    {
      "type": {
        "label": "name",
        "beforeExpr": false,
        "startsExpr": true,
        "rightAssociative": false,
        "isLoop": false,
        "isAssign": false,
        "prefix": false,
        "postfix": false,
        "binop": null
      },
      "value": "Info",
      "start": 373,
      "end": 377,
      "loc": {
        "start": {
          "line": 11,
          "column": 39
        },
        "end": {
          "line": 11,
          "column": 43
        }
      }
    },
    {
      "type": {
        "label": ",",
        "beforeExpr": true,
        "startsExpr": false,
        "rightAssociative": false,
        "isLoop": false,
        "isAssign": false,
        "prefix": false,
        "postfix": false,
        "binop": null,
        "updateContext": null
      },
      "start": 377,
      "end": 378,
      "loc": {
        "start": {
          "line": 11,
          "column": 43
        },
        "end": {
          "line": 11,
          "column": 44
        }
      }
    },
    {
      "type": {
        "label": "name",
        "beforeExpr": false,
        "startsExpr": true,
        "rightAssociative": false,
        "isLoop": false,
        "isAssign": false,
        "prefix": false,
        "postfix": false,
        "binop": null
      },
      "value": "Zone",
      "start": 379,
      "end": 383,
      "loc": {
        "start": {
          "line": 11,
          "column": 45
        },
        "end": {
          "line": 11,
          "column": 49
        }
      }
    },
    {
      "type": {
        "label": ",",
        "beforeExpr": true,
        "startsExpr": false,
        "rightAssociative": false,
        "isLoop": false,
        "isAssign": false,
        "prefix": false,
        "postfix": false,
        "binop": null,
        "updateContext": null
      },
      "start": 383,
      "end": 384,
      "loc": {
        "start": {
          "line": 11,
          "column": 49
        },
        "end": {
          "line": 11,
          "column": 50
        }
      }
    },
    {
      "type": {
        "label": "name",
        "beforeExpr": false,
        "startsExpr": true,
        "rightAssociative": false,
        "isLoop": false,
        "isAssign": false,
        "prefix": false,
        "postfix": false,
        "binop": null
      },
      "value": "FixedOffsetZone",
      "start": 385,
      "end": 400,
      "loc": {
        "start": {
          "line": 11,
          "column": 51
        },
        "end": {
          "line": 11,
          "column": 66
        }
      }
    },
    {
      "type": {
        "label": ",",
        "beforeExpr": true,
        "startsExpr": false,
        "rightAssociative": false,
        "isLoop": false,
        "isAssign": false,
        "prefix": false,
        "postfix": false,
        "binop": null,
        "updateContext": null
      },
      "start": 400,
      "end": 401,
      "loc": {
        "start": {
          "line": 11,
          "column": 66
        },
        "end": {
          "line": 11,
          "column": 67
        }
      }
    },
    {
      "type": {
        "label": "name",
        "beforeExpr": false,
        "startsExpr": true,
        "rightAssociative": false,
        "isLoop": false,
        "isAssign": false,
        "prefix": false,
        "postfix": false,
        "binop": null
      },
      "value": "IANAZone",
      "start": 402,
      "end": 410,
      "loc": {
        "start": {
          "line": 11,
          "column": 68
        },
        "end": {
          "line": 11,
          "column": 76
        }
      }
    },
    {
      "type": {
        "label": ",",
        "beforeExpr": true,
        "startsExpr": false,
        "rightAssociative": false,
        "isLoop": false,
        "isAssign": false,
        "prefix": false,
        "postfix": false,
        "binop": null,
        "updateContext": null
      },
      "start": 410,
      "end": 411,
      "loc": {
        "start": {
          "line": 11,
          "column": 76
        },
        "end": {
          "line": 11,
          "column": 77
        }
      }
    },
    {
      "type": {
        "label": "name",
        "beforeExpr": false,
        "startsExpr": true,
        "rightAssociative": false,
        "isLoop": false,
        "isAssign": false,
        "prefix": false,
        "postfix": false,
        "binop": null
      },
      "value": "LocalZone",
      "start": 412,
      "end": 421,
      "loc": {
        "start": {
          "line": 11,
          "column": 78
        },
        "end": {
          "line": 11,
          "column": 87
        }
      }
    },
    {
      "type": {
        "label": ",",
        "beforeExpr": true,
        "startsExpr": false,
        "rightAssociative": false,
        "isLoop": false,
        "isAssign": false,
        "prefix": false,
        "postfix": false,
        "binop": null,
        "updateContext": null
      },
      "start": 421,
      "end": 422,
      "loc": {
        "start": {
          "line": 11,
          "column": 87
        },
        "end": {
          "line": 11,
          "column": 88
        }
      }
    },
    {
      "type": {
        "label": "name",
        "beforeExpr": false,
        "startsExpr": true,
        "rightAssociative": false,
        "isLoop": false,
        "isAssign": false,
        "prefix": false,
        "postfix": false,
        "binop": null
      },
      "value": "Settings",
      "start": 423,
      "end": 431,
      "loc": {
        "start": {
          "line": 11,
          "column": 89
        },
        "end": {
          "line": 11,
          "column": 97
        }
      }
    },
    {
      "type": {
        "label": "}",
        "beforeExpr": false,
        "startsExpr": false,
        "rightAssociative": false,
        "isLoop": false,
        "isAssign": false,
        "prefix": false,
        "postfix": false,
        "binop": null
      },
      "start": 432,
      "end": 433,
      "loc": {
        "start": {
          "line": 11,
          "column": 98
        },
        "end": {
          "line": 11,
          "column": 99
        }
      }
    },
    {
      "type": {
        "label": ";",
        "beforeExpr": true,
        "startsExpr": false,
        "rightAssociative": false,
        "isLoop": false,
        "isAssign": false,
        "prefix": false,
        "postfix": false,
        "binop": null,
        "updateContext": null
      },
      "start": 433,
      "end": 434,
      "loc": {
        "start": {
          "line": 11,
          "column": 99
        },
        "end": {
          "line": 11,
          "column": 100
        }
      }
    },
    {
      "type": {
        "label": "eof",
        "beforeExpr": false,
        "startsExpr": false,
        "rightAssociative": false,
        "isLoop": false,
        "isAssign": false,
        "prefix": false,
        "postfix": false,
        "binop": null,
        "updateContext": null
      },
      "start": 435,
      "end": 435,
      "loc": {
        "start": {
          "line": 12,
          "column": 0
        },
        "end": {
          "line": 12,
          "column": 0
        }
      }
    }
  ]
}