{
  "type": "File",
  "start": 0,
  "end": 360,
  "loc": {
    "start": {
      "line": 1,
      "column": 0
    },
    "end": {
      "line": 13,
      "column": 0
    }
  },
  "program": {
    "type": "Program",
    "start": 0,
    "end": 360,
    "loc": {
      "start": {
        "line": 1,
        "column": 0
      },
      "end": {
        "line": 13,
        "column": 0
      }
    },
    "sourceType": "module",
    "body": [
      {
        "type": "ImportDeclaration",
        "start": 53,
        "end": 81,
        "loc": {
          "start": {
            "line": 3,
            "column": 0
          },
          "end": {
            "line": 3,
            "column": 28
          }
        },
        "specifiers": [],
        "source": {
          "type": "StringLiteral",
          "start": 60,
          "end": 80,
          "loc": {
            "start": {
              "line": 3,
              "column": 7
            },
            "end": {
              "line": 3,
              "column": 27
            }
          },
          "extra": {
            "rawValue": "core-js/es6/symbol",
            "raw": "\"core-js/es6/symbol\""
          },
          "value": "core-js/es6/symbol",
          "leadingComments": null
        },
        "leadingComments": [
          {
            "type": "CommentBlock",
            "value": " eslint import/no-extraneous-dependencies: off ",
            "start": 0,
            "end": 51,
            "loc": {
              "start": {
                "line": 1,
                "column": 0
              },
              "end": {
                "line": 1,
                "column": 51
              }
            }
          }
        ]
      },
      {
        "type": "ImportDeclaration",
        "start": 82,
        "end": 110,
        "loc": {
          "start": {
            "line": 4,
            "column": 0
          },
          "end": {
            "line": 4,
            "column": 28
          }
        },
        "specifiers": [],
        "source": {
          "type": "StringLiteral",
          "start": 89,
          "end": 109,
          "loc": {
            "start": {
              "line": 4,
              "column": 7
            },
            "end": {
              "line": 4,
              "column": 27
            }
          },
          "extra": {
            "rawValue": "core-js/es6/object",
            "raw": "\"core-js/es6/object\""
          },
          "value": "core-js/es6/object"
        }
      },
      {
        "type": "ImportDeclaration",
        "start": 111,
        "end": 147,
        "loc": {
          "start": {
            "line": 5,
            "column": 0
          },
          "end": {
            "line": 5,
            "column": 36
          }
        },
        "specifiers": [],
        "source": {
          "type": "StringLiteral",
          "start": 118,
          "end": 146,
          "loc": {
            "start": {
              "line": 5,
              "column": 7
            },
            "end": {
              "line": 5,
              "column": 35
            }
          },
          "extra": {
            "rawValue": "core-js/fn/symbol/iterator",
            "raw": "\"core-js/fn/symbol/iterator\""
          },
          "value": "core-js/fn/symbol/iterator"
        }
      },
      {
        "type": "ImportDeclaration",
        "start": 148,
        "end": 182,
        "loc": {
          "start": {
            "line": 6,
            "column": 0
          },
          "end": {
            "line": 6,
            "column": 34
          }
        },
        "specifiers": [],
        "source": {
          "type": "StringLiteral",
          "start": 155,
          "end": 181,
          "loc": {
            "start": {
              "line": 6,
              "column": 7
            },
            "end": {
              "line": 6,
              "column": 33
            }
          },
          "extra": {
            "rawValue": "core-js/fn/number/is-nan",
            "raw": "\"core-js/fn/number/is-nan\""
          },
          "value": "core-js/fn/number/is-nan"
        }
      },
      {
        "type": "ImportDeclaration",
        "start": 183,
        "end": 210,
        "loc": {
          "start": {
            "line": 7,
            "column": 0
          },
          "end": {
            "line": 7,
            "column": 27
          }
        },
        "specifiers": [],
        "source": {
          "type": "StringLiteral",
          "start": 190,
          "end": 209,
          "loc": {
            "start": {
              "line": 7,
              "column": 7
            },
            "end": {
              "line": 7,
              "column": 26
            }
          },
          "extra": {
            "rawValue": "core-js/es6/array",
            "raw": "\"core-js/es6/array\""
          },
          "value": "core-js/es6/array"
        }
      },
      {
        "type": "ImportDeclaration",
        "start": 211,
        "end": 258,
        "loc": {
          "start": {
            "line": 8,
            "column": 0
          },
          "end": {
            "line": 8,
            "column": 47
          }
        },
        "specifiers": [],
        "source": {
          "type": "StringLiteral",
          "start": 218,
          "end": 257,
          "loc": {
            "start": {
              "line": 8,
              "column": 7
            },
            "end": {
              "line": 8,
              "column": 46
            }
          },
          "extra": {
            "rawValue": "core-js/fn/string/virtual/starts-with",
            "raw": "\"core-js/fn/string/virtual/starts-with\""
          },
          "value": "core-js/fn/string/virtual/starts-with"
        }
      },
      {
        "type": "ImportDeclaration",
        "start": 259,
        "end": 301,
        "loc": {
          "start": {
            "line": 9,
            "column": 0
          },
          "end": {
            "line": 9,
            "column": 42
          }
        },
        "specifiers": [],
        "source": {
          "type": "StringLiteral",
          "start": 266,
          "end": 300,
          "loc": {
            "start": {
              "line": 9,
              "column": 7
            },
            "end": {
              "line": 9,
              "column": 41
            }
          },
          "extra": {
            "rawValue": "core-js/fn/string/virtual/repeat",
            "raw": "\"core-js/fn/string/virtual/repeat\""
          },
          "value": "core-js/fn/string/virtual/repeat"
        }
      },
      {
        "type": "ImportDeclaration",
        "start": 302,
        "end": 333,
        "loc": {
          "start": {
            "line": 10,
            "column": 0
          },
          "end": {
            "line": 10,
            "column": 31
          }
        },
        "specifiers": [],
        "source": {
          "type": "StringLiteral",
          "start": 309,
          "end": 332,
          "loc": {
            "start": {
              "line": 10,
              "column": 7
            },
            "end": {
              "line": 10,
              "column": 30
            }
          },
          "extra": {
            "rawValue": "core-js/fn/math/trunc",
            "raw": "\"core-js/fn/math/trunc\""
          },
          "value": "core-js/fn/math/trunc"
        }
      },
      {
        "type": "ExportAllDeclaration",
        "start": 335,
        "end": 359,
        "loc": {
          "start": {
            "line": 12,
            "column": 0
          },
          "end": {
            "line": 12,
            "column": 24
          }
        },
        "source": {
          "type": "StringLiteral",
          "start": 349,
          "end": 358,
          "loc": {
            "start": {
              "line": 12,
              "column": 14
            },
            "end": {
              "line": 12,
              "column": 23
            }
          },
          "extra": {
            "rawValue": "./luxon",
            "raw": "\"./luxon\""
          },
          "value": "./luxon"
        }
      }
    ],
    "directives": []
  },
  "comments": [
    {
      "type": "CommentBlock",
      "value": " eslint import/no-extraneous-dependencies: off ",
      "start": 0,
      "end": 51,
      "loc": {
        "start": {
          "line": 1,
          "column": 0
        },
        "end": {
          "line": 1,
          "column": 51
        }
      }
    }
  ],
  "tokens": [
    {
      "type": "CommentBlock",
      "value": " eslint import/no-extraneous-dependencies: off ",
      "start": 0,
      "end": 51,
      "loc": {
        "start": {
          "line": 1,
          "column": 0
        },
        "end": {
          "line": 1,
          "column": 51
        }
      }
    },
    {
      "type": {
        "label": "import",
        "keyword": "import",
        "beforeExpr": false,
        "startsExpr": true,
        "rightAssociative": false,
        "isLoop": false,
        "isAssign": false,
        "prefix": false,
        "postfix": false,
        "binop": null,
        "updateContext": null
      },
      "value": "import",
      "start": 53,
      "end": 59,
      "loc": {
        "start": {
          "line": 3,
          "column": 0
        },
        "end": {
          "line": 3,
          "column": 6
        }
      }
    },
    {
      "type": {
        "label": "string",
        "beforeExpr": false,
        "startsExpr": true,
        "rightAssociative": false,
        "isLoop": false,
        "isAssign": false,
        "prefix": false,
        "postfix": false,
        "binop": null,
        "updateContext": null
      },
      "value": "core-js/es6/symbol",
      "start": 60,
      "end": 80,
      "loc": {
        "start": {
          "line": 3,
          "column": 7
        },
        "end": {
          "line": 3,
          "column": 27
        }
      }
    },
    {
      "type": {
        "label": ";",
        "beforeExpr": true,
        "startsExpr": false,
        "rightAssociative": false,
        "isLoop": false,
        "isAssign": false,
        "prefix": false,
        "postfix": false,
        "binop": null,
        "updateContext": null
      },
      "start": 80,
      "end": 81,
      "loc": {
        "start": {
          "line": 3,
          "column": 27
        },
        "end": {
          "line": 3,
          "column": 28
        }
      }
    },
    {
      "type": {
        "label": "import",
        "keyword": "import",
        "beforeExpr": false,
        "startsExpr": true,
        "rightAssociative": false,
        "isLoop": false,
        "isAssign": false,
        "prefix": false,
        "postfix": false,
        "binop": null,
        "updateContext": null
      },
      "value": "import",
      "start": 82,
      "end": 88,
      "loc": {
        "start": {
          "line": 4,
          "column": 0
        },
        "end": {
          "line": 4,
          "column": 6
        }
      }
    },
    {
      "type": {
        "label": "string",
        "beforeExpr": false,
        "startsExpr": true,
        "rightAssociative": false,
        "isLoop": false,
        "isAssign": false,
        "prefix": false,
        "postfix": false,
        "binop": null,
        "updateContext": null
      },
      "value": "core-js/es6/object",
      "start": 89,
      "end": 109,
      "loc": {
        "start": {
          "line": 4,
          "column": 7
        },
        "end": {
          "line": 4,
          "column": 27
        }
      }
    },
    {
      "type": {
        "label": ";",
        "beforeExpr": true,
        "startsExpr": false,
        "rightAssociative": false,
        "isLoop": false,
        "isAssign": false,
        "prefix": false,
        "postfix": false,
        "binop": null,
        "updateContext": null
      },
      "start": 109,
      "end": 110,
      "loc": {
        "start": {
          "line": 4,
          "column": 27
        },
        "end": {
          "line": 4,
          "column": 28
        }
      }
    },
    {
      "type": {
        "label": "import",
        "keyword": "import",
        "beforeExpr": false,
        "startsExpr": true,
        "rightAssociative": false,
        "isLoop": false,
        "isAssign": false,
        "prefix": false,
        "postfix": false,
        "binop": null,
        "updateContext": null
      },
      "value": "import",
      "start": 111,
      "end": 117,
      "loc": {
        "start": {
          "line": 5,
          "column": 0
        },
        "end": {
          "line": 5,
          "column": 6
        }
      }
    },
    {
      "type": {
        "label": "string",
        "beforeExpr": false,
        "startsExpr": true,
        "rightAssociative": false,
        "isLoop": false,
        "isAssign": false,
        "prefix": false,
        "postfix": false,
        "binop": null,
        "updateContext": null
      },
      "value": "core-js/fn/symbol/iterator",
      "start": 118,
      "end": 146,
      "loc": {
        "start": {
          "line": 5,
          "column": 7
        },
        "end": {
          "line": 5,
          "column": 35
        }
      }
    },
    {
      "type": {
        "label": ";",
        "beforeExpr": true,
        "startsExpr": false,
        "rightAssociative": false,
        "isLoop": false,
        "isAssign": false,
        "prefix": false,
        "postfix": false,
        "binop": null,
        "updateContext": null
      },
      "start": 146,
      "end": 147,
      "loc": {
        "start": {
          "line": 5,
          "column": 35
        },
        "end": {
          "line": 5,
          "column": 36
        }
      }
    },
    {
      "type": {
        "label": "import",
        "keyword": "import",
        "beforeExpr": false,
        "startsExpr": true,
        "rightAssociative": false,
        "isLoop": false,
        "isAssign": false,
        "prefix": false,
        "postfix": false,
        "binop": null,
        "updateContext": null
      },
      "value": "import",
      "start": 148,
      "end": 154,
      "loc": {
        "start": {
          "line": 6,
          "column": 0
        },
        "end": {
          "line": 6,
          "column": 6
        }
      }
    },
    {
      "type": {
        "label": "string",
        "beforeExpr": false,
        "startsExpr": true,
        "rightAssociative": false,
        "isLoop": false,
        "isAssign": false,
        "prefix": false,
        "postfix": false,
        "binop": null,
        "updateContext": null
      },
      "value": "core-js/fn/number/is-nan",
      "start": 155,
      "end": 181,
      "loc": {
        "start": {
          "line": 6,
          "column": 7
        },
        "end": {
          "line": 6,
          "column": 33
        }
      }
    },
    {
      "type": {
        "label": ";",
        "beforeExpr": true,
        "startsExpr": false,
        "rightAssociative": false,
        "isLoop": false,
        "isAssign": false,
        "prefix": false,
        "postfix": false,
        "binop": null,
        "updateContext": null
      },
      "start": 181,
      "end": 182,
      "loc": {
        "start": {
          "line": 6,
          "column": 33
        },
        "end": {
          "line": 6,
          "column": 34
        }
      }
    },
    {
      "type": {
        "label": "import",
        "keyword": "import",
        "beforeExpr": false,
        "startsExpr": true,
        "rightAssociative": false,
        "isLoop": false,
        "isAssign": false,
        "prefix": false,
        "postfix": false,
        "binop": null,
        "updateContext": null
      },
      "value": "import",
      "start": 183,
      "end": 189,
      "loc": {
        "start": {
          "line": 7,
          "column": 0
        },
        "end": {
          "line": 7,
          "column": 6
        }
      }
    },
    {
      "type": {
        "label": "string",
        "beforeExpr": false,
        "startsExpr": true,
        "rightAssociative": false,
        "isLoop": false,
        "isAssign": false,
        "prefix": false,
        "postfix": false,
        "binop": null,
        "updateContext": null
      },
      "value": "core-js/es6/array",
      "start": 190,
      "end": 209,
      "loc": {
        "start": {
          "line": 7,
          "column": 7
        },
        "end": {
          "line": 7,
          "column": 26
        }
      }
    },
    {
      "type": {
        "label": ";",
        "beforeExpr": true,
        "startsExpr": false,
        "rightAssociative": false,
        "isLoop": false,
        "isAssign": false,
        "prefix": false,
        "postfix": false,
        "binop": null,
        "updateContext": null
      },
      "start": 209,
      "end": 210,
      "loc": {
        "start": {
          "line": 7,
          "column": 26
        },
        "end": {
          "line": 7,
          "column": 27
        }
      }
    },
    {
      "type": {
        "label": "import",
        "keyword": "import",
        "beforeExpr": false,
        "startsExpr": true,
        "rightAssociative": false,
        "isLoop": false,
        "isAssign": false,
        "prefix": false,
        "postfix": false,
        "binop": null,
        "updateContext": null
      },
      "value": "import",
      "start": 211,
      "end": 217,
      "loc": {
        "start": {
          "line": 8,
          "column": 0
        },
        "end": {
          "line": 8,
          "column": 6
        }
      }
    },
    {
      "type": {
        "label": "string",
        "beforeExpr": false,
        "startsExpr": true,
        "rightAssociative": false,
        "isLoop": false,
        "isAssign": false,
        "prefix": false,
        "postfix": false,
        "binop": null,
        "updateContext": null
      },
      "value": "core-js/fn/string/virtual/starts-with",
      "start": 218,
      "end": 257,
      "loc": {
        "start": {
          "line": 8,
          "column": 7
        },
        "end": {
          "line": 8,
          "column": 46
        }
      }
    },
    {
      "type": {
        "label": ";",
        "beforeExpr": true,
        "startsExpr": false,
        "rightAssociative": false,
        "isLoop": false,
        "isAssign": false,
        "prefix": false,
        "postfix": false,
        "binop": null,
        "updateContext": null
      },
      "start": 257,
      "end": 258,
      "loc": {
        "start": {
          "line": 8,
          "column": 46
        },
        "end": {
          "line": 8,
          "column": 47
        }
      }
    },
    {
      "type": {
        "label": "import",
        "keyword": "import",
        "beforeExpr": false,
        "startsExpr": true,
        "rightAssociative": false,
        "isLoop": false,
        "isAssign": false,
        "prefix": false,
        "postfix": false,
        "binop": null,
        "updateContext": null
      },
      "value": "import",
      "start": 259,
      "end": 265,
      "loc": {
        "start": {
          "line": 9,
          "column": 0
        },
        "end": {
          "line": 9,
          "column": 6
        }
      }
    },
    {
      "type": {
        "label": "string",
        "beforeExpr": false,
        "startsExpr": true,
        "rightAssociative": false,
        "isLoop": false,
        "isAssign": false,
        "prefix": false,
        "postfix": false,
        "binop": null,
        "updateContext": null
      },
      "value": "core-js/fn/string/virtual/repeat",
      "start": 266,
      "end": 300,
      "loc": {
        "start": {
          "line": 9,
          "column": 7
        },
        "end": {
          "line": 9,
          "column": 41
        }
      }
    },
    {
      "type": {
        "label": ";",
        "beforeExpr": true,
        "startsExpr": false,
        "rightAssociative": false,
        "isLoop": false,
        "isAssign": false,
        "prefix": false,
        "postfix": false,
        "binop": null,
        "updateContext": null
      },
      "start": 300,
      "end": 301,
      "loc": {
        "start": {
          "line": 9,
          "column": 41
        },
        "end": {
          "line": 9,
          "column": 42
        }
      }
    },
    {
      "type": {
        "label": "import",
        "keyword": "import",
        "beforeExpr": false,
        "startsExpr": true,
        "rightAssociative": false,
        "isLoop": false,
        "isAssign": false,
        "prefix": false,
        "postfix": false,
        "binop": null,
        "updateContext": null
      },
      "value": "import",
      "start": 302,
      "end": 308,
      "loc": {
        "start": {
          "line": 10,
          "column": 0
        },
        "end": {
          "line": 10,
          "column": 6
        }
      }
    },
    {
      "type": {
        "label": "string",
        "beforeExpr": false,
        "startsExpr": true,
        "rightAssociative": false,
        "isLoop": false,
        "isAssign": false,
        "prefix": false,
        "postfix": false,
        "binop": null,
        "updateContext": null
      },
      "value": "core-js/fn/math/trunc",
      "start": 309,
      "end": 332,
      "loc": {
        "start": {
          "line": 10,
          "column": 7
        },
        "end": {
          "line": 10,
          "column": 30
        }
      }
    },
    {
      "type": {
        "label": ";",
        "beforeExpr": true,
        "startsExpr": false,
        "rightAssociative": false,
        "isLoop": false,
        "isAssign": false,
        "prefix": false,
        "postfix": false,
        "binop": null,
        "updateContext": null
      },
      "start": 332,
      "end": 333,
      "loc": {
        "start": {
          "line": 10,
          "column": 30
        },
        "end": {
          "line": 10,
          "column": 31
        }
      }
    },
    {
      "type": {
        "label": "export",
        "keyword": "export",
        "beforeExpr": false,
        "startsExpr": false,
        "rightAssociative": false,
        "isLoop": false,
        "isAssign": false,
        "prefix": false,
        "postfix": false,
        "binop": null,
        "updateContext": null
      },
      "value": "export",
      "start": 335,
      "end": 341,
      "loc": {
        "start": {
          "line": 12,
          "column": 0
        },
        "end": {
          "line": 12,
          "column": 6
        }
      }
    },
    {
      "type": {
        "label": "*",
        "beforeExpr": true,
        "startsExpr": false,
        "rightAssociative": false,
        "isLoop": false,
        "isAssign": false,
        "prefix": false,
        "postfix": false,
        "binop": 10,
        "updateContext": null
      },
      "value": "*",
      "start": 342,
      "end": 343,
      "loc": {
        "start": {
          "line": 12,
          "column": 7
        },
        "end": {
          "line": 12,
          "column": 8
        }
      }
    },
    {
      "type": {
        "label": "name",
        "beforeExpr": false,
        "startsExpr": true,
        "rightAssociative": false,
        "isLoop": false,
        "isAssign": false,
        "prefix": false,
        "postfix": false,
        "binop": null
      },
      "value": "from",
      "start": 344,
      "end": 348,
      "loc": {
        "start": {
          "line": 12,
          "column": 9
        },
        "end": {
          "line": 12,
          "column": 13
        }
      }
    },
    {
      "type": {
        "label": "string",
        "beforeExpr": false,
        "startsExpr": true,
        "rightAssociative": false,
        "isLoop": false,
        "isAssign": false,
        "prefix": false,
        "postfix": false,
        "binop": null,
        "updateContext": null
      },
      "value": "./luxon",
      "start": 349,
      "end": 358,
      "loc": {
        "start": {
          "line": 12,
          "column": 14
        },
        "end": {
          "line": 12,
          "column": 23
        }
      }
    },
    {
      "type": {
        "label": ";",
        "beforeExpr": true,
        "startsExpr": false,
        "rightAssociative": false,
        "isLoop": false,
        "isAssign": false,
        "prefix": false,
        "postfix": false,
        "binop": null,
        "updateContext": null
      },
      "start": 358,
      "end": 359,
      "loc": {
        "start": {
          "line": 12,
          "column": 23
        },
        "end": {
          "line": 12,
          "column": 24
        }
      }
    },
    {
      "type": {
        "label": "eof",
        "beforeExpr": false,
        "startsExpr": false,
        "rightAssociative": false,
        "isLoop": false,
        "isAssign": false,
        "prefix": false,
        "postfix": false,
        "binop": null,
        "updateContext": null
      },
      "start": 360,
      "end": 360,
      "loc": {
        "start": {
          "line": 13,
          "column": 0
        },
        "end": {
          "line": 13,
          "column": 0
        }
      }
    }
  ]
}