{
  "coverage": "25.47%",
  "expectCount": 106,
  "actualCount": 27,
  "files": {
    "src/Collection.js": {
      "expectCount": 4,
      "actualCount": 0,
      "undocumentLines": [
        7,
        9,
        11,
        98
      ]
    },
    "src/Component.js": {
      "expectCount": 1,
      "actualCount": 1,
      "undocumentLines": []
    },
    "src/Container.js": {
      "expectCount": 4,
      "actualCount": 1,
      "undocumentLines": [
        5,
        7,
        1029
      ]
    },
    "src/DataStore.js": {
      "expectCount": 3,
      "actualCount": 0,
      "undocumentLines": [
        11,
        73,
        83
      ]
    },
    "src/LinkedCollection.js": {
      "expectCount": 2,
      "actualCount": 1,
      "undocumentLines": [
        5
      ]
    },
    "src/Mapper.js": {
      "expectCount": 9,
      "actualCount": 0,
      "undocumentLines": [
        15,
        16,
        20,
        27,
        78,
        79,
        83,
        138,
        307
      ]
    },
    "src/Query.js": {
      "expectCount": 8,
      "actualCount": 1,
      "undocumentLines": [
        4,
        5,
        8,
        18,
        19,
        20,
        21
      ]
    },
    "src/Record.js": {
      "expectCount": 7,
      "actualCount": 1,
      "undocumentLines": [
        9,
        11,
        22,
        23,
        24,
        25
      ]
    },
    "src/Relation/BelongsTo.js": {
      "expectCount": 1,
      "actualCount": 0,
      "undocumentLines": [
        4
      ]
    },
    "src/Relation/HasMany.js": {
      "expectCount": 1,
      "actualCount": 0,
      "undocumentLines": [
        4
      ]
    },
    "src/Relation/HasOne.js": {
      "expectCount": 1,
      "actualCount": 0,
      "undocumentLines": [
        4
      ]
    },
    "src/Relation.js": {
      "expectCount": 5,
      "actualCount": 0,
      "undocumentLines": [
        4,
        5,
        6,
        8,
        10
      ]
    },
    "src/Schema.js": {
      "expectCount": 28,
      "actualCount": 16,
      "undocumentLines": [
        4,
        30,
        789,
        791,
        793,
        795,
        797,
        799,
        801,
        804,
        805,
        947
      ]
    },
    "src/Settable.js": {
      "expectCount": 1,
      "actualCount": 1,
      "undocumentLines": []
    },
    "src/SimpleStore.js": {
      "expectCount": 7,
      "actualCount": 0,
      "undocumentLines": [
        11,
        12,
        253,
        262,
        270,
        350,
        364
      ]
    },
    "src/decorators.js": {
      "expectCount": 3,
      "actualCount": 3,
      "undocumentLines": []
    },
    "src/index.js": {
      "expectCount": 1,
      "actualCount": 1,
      "undocumentLines": []
    },
    "src/utils.js": {
      "expectCount": 20,
      "actualCount": 1,
      "undocumentLines": [
        14,
        15,
        16,
        17,
        18,
        19,
        20,
        21,
        22,
        23,
        24,
        26,
        31,
        45,
        49,
        53,
        1589,
        1597,
        67
      ]
    }
  }
}