{
  "type": "File",
  "start": 0,
  "end": 486,
  "loc": {
    "start": {
      "line": 1,
      "column": 0
    },
    "end": {
      "line": 13,
      "column": 0
    }
  },
  "program": {
    "type": "Program",
    "start": 0,
    "end": 486,
    "loc": {
      "start": {
        "line": 1,
        "column": 0
      },
      "end": {
        "line": 13,
        "column": 0
      }
    },
    "sourceType": "module",
    "body": [
      {
        "type": "ImportDeclaration",
        "start": 0,
        "end": 37,
        "loc": {
          "start": {
            "line": 1,
            "column": 0
          },
          "end": {
            "line": 1,
            "column": 37
          }
        },
        "specifiers": [
          {
            "type": "ImportSpecifier",
            "start": 9,
            "end": 17,
            "loc": {
              "start": {
                "line": 1,
                "column": 9
              },
              "end": {
                "line": 1,
                "column": 17
              }
            },
            "imported": {
              "type": "Identifier",
              "start": 9,
              "end": 17,
              "loc": {
                "start": {
                  "line": 1,
                  "column": 9
                },
                "end": {
                  "line": 1,
                  "column": 17
                },
                "identifierName": "Relation"
              },
              "name": "Relation"
            },
            "local": {
              "type": "Identifier",
              "start": 9,
              "end": 17,
              "loc": {
                "start": {
                  "line": 1,
                  "column": 9
                },
                "end": {
                  "line": 1,
                  "column": 17
                },
                "identifierName": "Relation"
              },
              "name": "Relation"
            }
          }
        ],
        "source": {
          "type": "StringLiteral",
          "start": 25,
          "end": 37,
          "loc": {
            "start": {
              "line": 1,
              "column": 25
            },
            "end": {
              "line": 1,
              "column": 37
            }
          },
          "extra": {
            "rawValue": "./Relation",
            "raw": "'./Relation'"
          },
          "value": "./Relation"
        }
      },
      {
        "type": "ImportDeclaration",
        "start": 38,
        "end": 94,
        "loc": {
          "start": {
            "line": 2,
            "column": 0
          },
          "end": {
            "line": 2,
            "column": 56
          }
        },
        "specifiers": [
          {
            "type": "ImportSpecifier",
            "start": 47,
            "end": 64,
            "loc": {
              "start": {
                "line": 2,
                "column": 9
              },
              "end": {
                "line": 2,
                "column": 26
              }
            },
            "imported": {
              "type": "Identifier",
              "start": 47,
              "end": 64,
              "loc": {
                "start": {
                  "line": 2,
                  "column": 9
                },
                "end": {
                  "line": 2,
                  "column": 26
                },
                "identifierName": "BelongsToRelation"
              },
              "name": "BelongsToRelation"
            },
            "local": {
              "type": "Identifier",
              "start": 47,
              "end": 64,
              "loc": {
                "start": {
                  "line": 2,
                  "column": 9
                },
                "end": {
                  "line": 2,
                  "column": 26
                },
                "identifierName": "BelongsToRelation"
              },
              "name": "BelongsToRelation"
            }
          }
        ],
        "source": {
          "type": "StringLiteral",
          "start": 72,
          "end": 94,
          "loc": {
            "start": {
              "line": 2,
              "column": 34
            },
            "end": {
              "line": 2,
              "column": 56
            }
          },
          "extra": {
            "rawValue": "./Relation/BelongsTo",
            "raw": "'./Relation/BelongsTo'"
          },
          "value": "./Relation/BelongsTo"
        }
      },
      {
        "type": "ImportDeclaration",
        "start": 95,
        "end": 147,
        "loc": {
          "start": {
            "line": 3,
            "column": 0
          },
          "end": {
            "line": 3,
            "column": 52
          }
        },
        "specifiers": [
          {
            "type": "ImportSpecifier",
            "start": 104,
            "end": 119,
            "loc": {
              "start": {
                "line": 3,
                "column": 9
              },
              "end": {
                "line": 3,
                "column": 24
              }
            },
            "imported": {
              "type": "Identifier",
              "start": 104,
              "end": 119,
              "loc": {
                "start": {
                  "line": 3,
                  "column": 9
                },
                "end": {
                  "line": 3,
                  "column": 24
                },
                "identifierName": "HasManyRelation"
              },
              "name": "HasManyRelation"
            },
            "local": {
              "type": "Identifier",
              "start": 104,
              "end": 119,
              "loc": {
                "start": {
                  "line": 3,
                  "column": 9
                },
                "end": {
                  "line": 3,
                  "column": 24
                },
                "identifierName": "HasManyRelation"
              },
              "name": "HasManyRelation"
            }
          }
        ],
        "source": {
          "type": "StringLiteral",
          "start": 127,
          "end": 147,
          "loc": {
            "start": {
              "line": 3,
              "column": 32
            },
            "end": {
              "line": 3,
              "column": 52
            }
          },
          "extra": {
            "rawValue": "./Relation/HasMany",
            "raw": "'./Relation/HasMany'"
          },
          "value": "./Relation/HasMany"
        }
      },
      {
        "type": "ImportDeclaration",
        "start": 148,
        "end": 198,
        "loc": {
          "start": {
            "line": 4,
            "column": 0
          },
          "end": {
            "line": 4,
            "column": 50
          }
        },
        "specifiers": [
          {
            "type": "ImportSpecifier",
            "start": 157,
            "end": 171,
            "loc": {
              "start": {
                "line": 4,
                "column": 9
              },
              "end": {
                "line": 4,
                "column": 23
              }
            },
            "imported": {
              "type": "Identifier",
              "start": 157,
              "end": 171,
              "loc": {
                "start": {
                  "line": 4,
                  "column": 9
                },
                "end": {
                  "line": 4,
                  "column": 23
                },
                "identifierName": "HasOneRelation"
              },
              "name": "HasOneRelation"
            },
            "local": {
              "type": "Identifier",
              "start": 157,
              "end": 171,
              "loc": {
                "start": {
                  "line": 4,
                  "column": 9
                },
                "end": {
                  "line": 4,
                  "column": 23
                },
                "identifierName": "HasOneRelation"
              },
              "name": "HasOneRelation"
            }
          }
        ],
        "source": {
          "type": "StringLiteral",
          "start": 179,
          "end": 198,
          "loc": {
            "start": {
              "line": 4,
              "column": 31
            },
            "end": {
              "line": 4,
              "column": 50
            }
          },
          "extra": {
            "rawValue": "./Relation/HasOne",
            "raw": "'./Relation/HasOne'"
          },
          "value": "./Relation/HasOne"
        }
      },
      {
        "type": "ExpressionStatement",
        "start": 200,
        "end": 406,
        "loc": {
          "start": {
            "line": 6,
            "column": 0
          },
          "end": {
            "line": 10,
            "column": 2
          }
        },
        "expression": {
          "type": "CallExpression",
          "start": 200,
          "end": 406,
          "loc": {
            "start": {
              "line": 6,
              "column": 0
            },
            "end": {
              "line": 10,
              "column": 2
            }
          },
          "callee": {
            "type": "MemberExpression",
            "start": 200,
            "end": 260,
            "loc": {
              "start": {
                "line": 6,
                "column": 0
              },
              "end": {
                "line": 6,
                "column": 60
              }
            },
            "object": {
              "type": "ArrayExpression",
              "start": 200,
              "end": 252,
              "loc": {
                "start": {
                  "line": 6,
                  "column": 0
                },
                "end": {
                  "line": 6,
                  "column": 52
                }
              },
              "elements": [
                {
                  "type": "Identifier",
                  "start": 201,
                  "end": 218,
                  "loc": {
                    "start": {
                      "line": 6,
                      "column": 1
                    },
                    "end": {
                      "line": 6,
                      "column": 18
                    },
                    "identifierName": "BelongsToRelation"
                  },
                  "name": "BelongsToRelation"
                },
                {
                  "type": "Identifier",
                  "start": 220,
                  "end": 235,
                  "loc": {
                    "start": {
                      "line": 6,
                      "column": 20
                    },
                    "end": {
                      "line": 6,
                      "column": 35
                    },
                    "identifierName": "HasManyRelation"
                  },
                  "name": "HasManyRelation"
                },
                {
                  "type": "Identifier",
                  "start": 237,
                  "end": 251,
                  "loc": {
                    "start": {
                      "line": 6,
                      "column": 37
                    },
                    "end": {
                      "line": 6,
                      "column": 51
                    },
                    "identifierName": "HasOneRelation"
                  },
                  "name": "HasOneRelation"
                }
              ]
            },
            "property": {
              "type": "Identifier",
              "start": 253,
              "end": 260,
              "loc": {
                "start": {
                  "line": 6,
                  "column": 53
                },
                "end": {
                  "line": 6,
                  "column": 60
                },
                "identifierName": "forEach"
              },
              "name": "forEach"
            },
            "computed": false
          },
          "arguments": [
            {
              "type": "FunctionExpression",
              "start": 261,
              "end": 405,
              "loc": {
                "start": {
                  "line": 6,
                  "column": 61
                },
                "end": {
                  "line": 10,
                  "column": 1
                }
              },
              "id": null,
              "generator": false,
              "expression": false,
              "async": false,
              "params": [
                {
                  "type": "Identifier",
                  "start": 271,
                  "end": 283,
                  "loc": {
                    "start": {
                      "line": 6,
                      "column": 71
                    },
                    "end": {
                      "line": 6,
                      "column": 83
                    },
                    "identifierName": "RelationType"
                  },
                  "name": "RelationType"
                }
              ],
              "body": {
                "type": "BlockStatement",
                "start": 285,
                "end": 405,
                "loc": {
                  "start": {
                    "line": 6,
                    "column": 85
                  },
                  "end": {
                    "line": 10,
                    "column": 1
                  }
                },
                "body": [
                  {
                    "type": "ExpressionStatement",
                    "start": 289,
                    "end": 403,
                    "loc": {
                      "start": {
                        "line": 7,
                        "column": 2
                      },
                      "end": {
                        "line": 9,
                        "column": 3
                      }
                    },
                    "expression": {
                      "type": "AssignmentExpression",
                      "start": 289,
                      "end": 403,
                      "loc": {
                        "start": {
                          "line": 7,
                          "column": 2
                        },
                        "end": {
                          "line": 9,
                          "column": 3
                        }
                      },
                      "operator": "=",
                      "left": {
                        "type": "MemberExpression",
                        "start": 289,
                        "end": 321,
                        "loc": {
                          "start": {
                            "line": 7,
                            "column": 2
                          },
                          "end": {
                            "line": 7,
                            "column": 34
                          }
                        },
                        "object": {
                          "type": "Identifier",
                          "start": 289,
                          "end": 297,
                          "loc": {
                            "start": {
                              "line": 7,
                              "column": 2
                            },
                            "end": {
                              "line": 7,
                              "column": 10
                            },
                            "identifierName": "Relation"
                          },
                          "name": "Relation"
                        },
                        "property": {
                          "type": "MemberExpression",
                          "start": 298,
                          "end": 320,
                          "loc": {
                            "start": {
                              "line": 7,
                              "column": 11
                            },
                            "end": {
                              "line": 7,
                              "column": 33
                            }
                          },
                          "object": {
                            "type": "Identifier",
                            "start": 298,
                            "end": 310,
                            "loc": {
                              "start": {
                                "line": 7,
                                "column": 11
                              },
                              "end": {
                                "line": 7,
                                "column": 23
                              },
                              "identifierName": "RelationType"
                            },
                            "name": "RelationType"
                          },
                          "property": {
                            "type": "Identifier",
                            "start": 311,
                            "end": 320,
                            "loc": {
                              "start": {
                                "line": 7,
                                "column": 24
                              },
                              "end": {
                                "line": 7,
                                "column": 33
                              },
                              "identifierName": "TYPE_NAME"
                            },
                            "name": "TYPE_NAME"
                          },
                          "computed": false
                        },
                        "computed": true
                      },
                      "right": {
                        "type": "FunctionExpression",
                        "start": 324,
                        "end": 403,
                        "loc": {
                          "start": {
                            "line": 7,
                            "column": 37
                          },
                          "end": {
                            "line": 9,
                            "column": 3
                          }
                        },
                        "id": null,
                        "generator": false,
                        "expression": false,
                        "async": false,
                        "params": [
                          {
                            "type": "Identifier",
                            "start": 334,
                            "end": 341,
                            "loc": {
                              "start": {
                                "line": 7,
                                "column": 47
                              },
                              "end": {
                                "line": 7,
                                "column": 54
                              },
                              "identifierName": "related"
                            },
                            "name": "related"
                          },
                          {
                            "type": "Identifier",
                            "start": 343,
                            "end": 350,
                            "loc": {
                              "start": {
                                "line": 7,
                                "column": 56
                              },
                              "end": {
                                "line": 7,
                                "column": 63
                              },
                              "identifierName": "options"
                            },
                            "name": "options"
                          }
                        ],
                        "body": {
                          "type": "BlockStatement",
                          "start": 352,
                          "end": 403,
                          "loc": {
                            "start": {
                              "line": 7,
                              "column": 65
                            },
                            "end": {
                              "line": 9,
                              "column": 3
                            }
                          },
                          "body": [
                            {
                              "type": "ReturnStatement",
                              "start": 358,
                              "end": 399,
                              "loc": {
                                "start": {
                                  "line": 8,
                                  "column": 4
                                },
                                "end": {
                                  "line": 8,
                                  "column": 45
                                }
                              },
                              "argument": {
                                "type": "NewExpression",
                                "start": 365,
                                "end": 399,
                                "loc": {
                                  "start": {
                                    "line": 8,
                                    "column": 11
                                  },
                                  "end": {
                                    "line": 8,
                                    "column": 45
                                  }
                                },
                                "callee": {
                                  "type": "Identifier",
                                  "start": 369,
                                  "end": 381,
                                  "loc": {
                                    "start": {
                                      "line": 8,
                                      "column": 15
                                    },
                                    "end": {
                                      "line": 8,
                                      "column": 27
                                    },
                                    "identifierName": "RelationType"
                                  },
                                  "name": "RelationType"
                                },
                                "arguments": [
                                  {
                                    "type": "Identifier",
                                    "start": 382,
                                    "end": 389,
                                    "loc": {
                                      "start": {
                                        "line": 8,
                                        "column": 28
                                      },
                                      "end": {
                                        "line": 8,
                                        "column": 35
                                      },
                                      "identifierName": "related"
                                    },
                                    "name": "related"
                                  },
                                  {
                                    "type": "Identifier",
                                    "start": 391,
                                    "end": 398,
                                    "loc": {
                                      "start": {
                                        "line": 8,
                                        "column": 37
                                      },
                                      "end": {
                                        "line": 8,
                                        "column": 44
                                      },
                                      "identifierName": "options"
                                    },
                                    "name": "options"
                                  }
                                ]
                              }
                            }
                          ],
                          "directives": []
                        }
                      }
                    }
                  }
                ],
                "directives": []
              }
            }
          ]
        }
      },
      {
        "type": "ExportNamedDeclaration",
        "start": 408,
        "end": 485,
        "loc": {
          "start": {
            "line": 12,
            "column": 0
          },
          "end": {
            "line": 12,
            "column": 77
          }
        },
        "declaration": null,
        "specifiers": [
          {
            "type": "ExportSpecifier",
            "start": 417,
            "end": 430,
            "loc": {
              "start": {
                "line": 12,
                "column": 9
              },
              "end": {
                "line": 12,
                "column": 22
              }
            },
            "local": {
              "type": "Identifier",
              "start": 417,
              "end": 430,
              "loc": {
                "start": {
                  "line": 12,
                  "column": 9
                },
                "end": {
                  "line": 12,
                  "column": 22
                },
                "identifierName": "belongsToType"
              },
              "name": "belongsToType"
            },
            "exported": {
              "type": "Identifier",
              "start": 417,
              "end": 430,
              "loc": {
                "start": {
                  "line": 12,
                  "column": 9
                },
                "end": {
                  "line": 12,
                  "column": 22
                },
                "identifierName": "belongsToType"
              },
              "name": "belongsToType"
            }
          },
          {
            "type": "ExportSpecifier",
            "start": 432,
            "end": 443,
            "loc": {
              "start": {
                "line": 12,
                "column": 24
              },
              "end": {
                "line": 12,
                "column": 35
              }
            },
            "local": {
              "type": "Identifier",
              "start": 432,
              "end": 443,
              "loc": {
                "start": {
                  "line": 12,
                  "column": 24
                },
                "end": {
                  "line": 12,
                  "column": 35
                },
                "identifierName": "hasManyType"
              },
              "name": "hasManyType"
            },
            "exported": {
              "type": "Identifier",
              "start": 432,
              "end": 443,
              "loc": {
                "start": {
                  "line": 12,
                  "column": 24
                },
                "end": {
                  "line": 12,
                  "column": 35
                },
                "identifierName": "hasManyType"
              },
              "name": "hasManyType"
            }
          },
          {
            "type": "ExportSpecifier",
            "start": 445,
            "end": 455,
            "loc": {
              "start": {
                "line": 12,
                "column": 37
              },
              "end": {
                "line": 12,
                "column": 47
              }
            },
            "local": {
              "type": "Identifier",
              "start": 445,
              "end": 455,
              "loc": {
                "start": {
                  "line": 12,
                  "column": 37
                },
                "end": {
                  "line": 12,
                  "column": 47
                },
                "identifierName": "hasOneType"
              },
              "name": "hasOneType"
            },
            "exported": {
              "type": "Identifier",
              "start": 445,
              "end": 455,
              "loc": {
                "start": {
                  "line": 12,
                  "column": 37
                },
                "end": {
                  "line": 12,
                  "column": 47
                },
                "identifierName": "hasOneType"
              },
              "name": "hasOneType"
            }
          },
          {
            "type": "ExportSpecifier",
            "start": 457,
            "end": 465,
            "loc": {
              "start": {
                "line": 12,
                "column": 49
              },
              "end": {
                "line": 12,
                "column": 57
              }
            },
            "local": {
              "type": "Identifier",
              "start": 457,
              "end": 465,
              "loc": {
                "start": {
                  "line": 12,
                  "column": 49
                },
                "end": {
                  "line": 12,
                  "column": 57
                },
                "identifierName": "Relation"
              },
              "name": "Relation"
            },
            "exported": {
              "type": "Identifier",
              "start": 457,
              "end": 465,
              "loc": {
                "start": {
                  "line": 12,
                  "column": 49
                },
                "end": {
                  "line": 12,
                  "column": 57
                },
                "identifierName": "Relation"
              },
              "name": "Relation"
            }
          }
        ],
        "source": {
          "type": "StringLiteral",
          "start": 473,
          "end": 485,
          "loc": {
            "start": {
              "line": 12,
              "column": 65
            },
            "end": {
              "line": 12,
              "column": 77
            }
          },
          "extra": {
            "rawValue": "./Relation",
            "raw": "'./Relation'"
          },
          "value": "./Relation"
        }
      }
    ],
    "directives": []
  },
  "comments": [],
  "tokens": [
    {
      "type": {
        "label": "import",
        "keyword": "import",
        "beforeExpr": false,
        "startsExpr": true,
        "rightAssociative": false,
        "isLoop": false,
        "isAssign": false,
        "prefix": false,
        "postfix": false,
        "binop": null,
        "updateContext": null
      },
      "value": "import",
      "start": 0,
      "end": 6,
      "loc": {
        "start": {
          "line": 1,
          "column": 0
        },
        "end": {
          "line": 1,
          "column": 6
        }
      }
    },
    {
      "type": {
        "label": "{",
        "beforeExpr": true,
        "startsExpr": true,
        "rightAssociative": false,
        "isLoop": false,
        "isAssign": false,
        "prefix": false,
        "postfix": false,
        "binop": null
      },
      "start": 7,
      "end": 8,
      "loc": {
        "start": {
          "line": 1,
          "column": 7
        },
        "end": {
          "line": 1,
          "column": 8
        }
      }
    },
    {
      "type": {
        "label": "name",
        "beforeExpr": false,
        "startsExpr": true,
        "rightAssociative": false,
        "isLoop": false,
        "isAssign": false,
        "prefix": false,
        "postfix": false,
        "binop": null
      },
      "value": "Relation",
      "start": 9,
      "end": 17,
      "loc": {
        "start": {
          "line": 1,
          "column": 9
        },
        "end": {
          "line": 1,
          "column": 17
        }
      }
    },
    {
      "type": {
        "label": "}",
        "beforeExpr": false,
        "startsExpr": false,
        "rightAssociative": false,
        "isLoop": false,
        "isAssign": false,
        "prefix": false,
        "postfix": false,
        "binop": null
      },
      "start": 18,
      "end": 19,
      "loc": {
        "start": {
          "line": 1,
          "column": 18
        },
        "end": {
          "line": 1,
          "column": 19
        }
      }
    },
    {
      "type": {
        "label": "name",
        "beforeExpr": false,
        "startsExpr": true,
        "rightAssociative": false,
        "isLoop": false,
        "isAssign": false,
        "prefix": false,
        "postfix": false,
        "binop": null
      },
      "value": "from",
      "start": 20,
      "end": 24,
      "loc": {
        "start": {
          "line": 1,
          "column": 20
        },
        "end": {
          "line": 1,
          "column": 24
        }
      }
    },
    {
      "type": {
        "label": "string",
        "beforeExpr": false,
        "startsExpr": true,
        "rightAssociative": false,
        "isLoop": false,
        "isAssign": false,
        "prefix": false,
        "postfix": false,
        "binop": null,
        "updateContext": null
      },
      "value": "./Relation",
      "start": 25,
      "end": 37,
      "loc": {
        "start": {
          "line": 1,
          "column": 25
        },
        "end": {
          "line": 1,
          "column": 37
        }
      }
    },
    {
      "type": {
        "label": "import",
        "keyword": "import",
        "beforeExpr": false,
        "startsExpr": true,
        "rightAssociative": false,
        "isLoop": false,
        "isAssign": false,
        "prefix": false,
        "postfix": false,
        "binop": null,
        "updateContext": null
      },
      "value": "import",
      "start": 38,
      "end": 44,
      "loc": {
        "start": {
          "line": 2,
          "column": 0
        },
        "end": {
          "line": 2,
          "column": 6
        }
      }
    },
    {
      "type": {
        "label": "{",
        "beforeExpr": true,
        "startsExpr": true,
        "rightAssociative": false,
        "isLoop": false,
        "isAssign": false,
        "prefix": false,
        "postfix": false,
        "binop": null
      },
      "start": 45,
      "end": 46,
      "loc": {
        "start": {
          "line": 2,
          "column": 7
        },
        "end": {
          "line": 2,
          "column": 8
        }
      }
    },
    {
      "type": {
        "label": "name",
        "beforeExpr": false,
        "startsExpr": true,
        "rightAssociative": false,
        "isLoop": false,
        "isAssign": false,
        "prefix": false,
        "postfix": false,
        "binop": null
      },
      "value": "BelongsToRelation",
      "start": 47,
      "end": 64,
      "loc": {
        "start": {
          "line": 2,
          "column": 9
        },
        "end": {
          "line": 2,
          "column": 26
        }
      }
    },
    {
      "type": {
        "label": "}",
        "beforeExpr": false,
        "startsExpr": false,
        "rightAssociative": false,
        "isLoop": false,
        "isAssign": false,
        "prefix": false,
        "postfix": false,
        "binop": null
      },
      "start": 65,
      "end": 66,
      "loc": {
        "start": {
          "line": 2,
          "column": 27
        },
        "end": {
          "line": 2,
          "column": 28
        }
      }
    },
    {
      "type": {
        "label": "name",
        "beforeExpr": false,
        "startsExpr": true,
        "rightAssociative": false,
        "isLoop": false,
        "isAssign": false,
        "prefix": false,
        "postfix": false,
        "binop": null
      },
      "value": "from",
      "start": 67,
      "end": 71,
      "loc": {
        "start": {
          "line": 2,
          "column": 29
        },
        "end": {
          "line": 2,
          "column": 33
        }
      }
    },
    {
      "type": {
        "label": "string",
        "beforeExpr": false,
        "startsExpr": true,
        "rightAssociative": false,
        "isLoop": false,
        "isAssign": false,
        "prefix": false,
        "postfix": false,
        "binop": null,
        "updateContext": null
      },
      "value": "./Relation/BelongsTo",
      "start": 72,
      "end": 94,
      "loc": {
        "start": {
          "line": 2,
          "column": 34
        },
        "end": {
          "line": 2,
          "column": 56
        }
      }
    },
    {
      "type": {
        "label": "import",
        "keyword": "import",
        "beforeExpr": false,
        "startsExpr": true,
        "rightAssociative": false,
        "isLoop": false,
        "isAssign": false,
        "prefix": false,
        "postfix": false,
        "binop": null,
        "updateContext": null
      },
      "value": "import",
      "start": 95,
      "end": 101,
      "loc": {
        "start": {
          "line": 3,
          "column": 0
        },
        "end": {
          "line": 3,
          "column": 6
        }
      }
    },
    {
      "type": {
        "label": "{",
        "beforeExpr": true,
        "startsExpr": true,
        "rightAssociative": false,
        "isLoop": false,
        "isAssign": false,
        "prefix": false,
        "postfix": false,
        "binop": null
      },
      "start": 102,
      "end": 103,
      "loc": {
        "start": {
          "line": 3,
          "column": 7
        },
        "end": {
          "line": 3,
          "column": 8
        }
      }
    },
    {
      "type": {
        "label": "name",
        "beforeExpr": false,
        "startsExpr": true,
        "rightAssociative": false,
        "isLoop": false,
        "isAssign": false,
        "prefix": false,
        "postfix": false,
        "binop": null
      },
      "value": "HasManyRelation",
      "start": 104,
      "end": 119,
      "loc": {
        "start": {
          "line": 3,
          "column": 9
        },
        "end": {
          "line": 3,
          "column": 24
        }
      }
    },
    {
      "type": {
        "label": "}",
        "beforeExpr": false,
        "startsExpr": false,
        "rightAssociative": false,
        "isLoop": false,
        "isAssign": false,
        "prefix": false,
        "postfix": false,
        "binop": null
      },
      "start": 120,
      "end": 121,
      "loc": {
        "start": {
          "line": 3,
          "column": 25
        },
        "end": {
          "line": 3,
          "column": 26
        }
      }
    },
    {
      "type": {
        "label": "name",
        "beforeExpr": false,
        "startsExpr": true,
        "rightAssociative": false,
        "isLoop": false,
        "isAssign": false,
        "prefix": false,
        "postfix": false,
        "binop": null
      },
      "value": "from",
      "start": 122,
      "end": 126,
      "loc": {
        "start": {
          "line": 3,
          "column": 27
        },
        "end": {
          "line": 3,
          "column": 31
        }
      }
    },
    {
      "type": {
        "label": "string",
        "beforeExpr": false,
        "startsExpr": true,
        "rightAssociative": false,
        "isLoop": false,
        "isAssign": false,
        "prefix": false,
        "postfix": false,
        "binop": null,
        "updateContext": null
      },
      "value": "./Relation/HasMany",
      "start": 127,
      "end": 147,
      "loc": {
        "start": {
          "line": 3,
          "column": 32
        },
        "end": {
          "line": 3,
          "column": 52
        }
      }
    },
    {
      "type": {
        "label": "import",
        "keyword": "import",
        "beforeExpr": false,
        "startsExpr": true,
        "rightAssociative": false,
        "isLoop": false,
        "isAssign": false,
        "prefix": false,
        "postfix": false,
        "binop": null,
        "updateContext": null
      },
      "value": "import",
      "start": 148,
      "end": 154,
      "loc": {
        "start": {
          "line": 4,
          "column": 0
        },
        "end": {
          "line": 4,
          "column": 6
        }
      }
    },
    {
      "type": {
        "label": "{",
        "beforeExpr": true,
        "startsExpr": true,
        "rightAssociative": false,
        "isLoop": false,
        "isAssign": false,
        "prefix": false,
        "postfix": false,
        "binop": null
      },
      "start": 155,
      "end": 156,
      "loc": {
        "start": {
          "line": 4,
          "column": 7
        },
        "end": {
          "line": 4,
          "column": 8
        }
      }
    },
    {
      "type": {
        "label": "name",
        "beforeExpr": false,
        "startsExpr": true,
        "rightAssociative": false,
        "isLoop": false,
        "isAssign": false,
        "prefix": false,
        "postfix": false,
        "binop": null
      },
      "value": "HasOneRelation",
      "start": 157,
      "end": 171,
      "loc": {
        "start": {
          "line": 4,
          "column": 9
        },
        "end": {
          "line": 4,
          "column": 23
        }
      }
    },
    {
      "type": {
        "label": "}",
        "beforeExpr": false,
        "startsExpr": false,
        "rightAssociative": false,
        "isLoop": false,
        "isAssign": false,
        "prefix": false,
        "postfix": false,
        "binop": null
      },
      "start": 172,
      "end": 173,
      "loc": {
        "start": {
          "line": 4,
          "column": 24
        },
        "end": {
          "line": 4,
          "column": 25
        }
      }
    },
    {
      "type": {
        "label": "name",
        "beforeExpr": false,
        "startsExpr": true,
        "rightAssociative": false,
        "isLoop": false,
        "isAssign": false,
        "prefix": false,
        "postfix": false,
        "binop": null
      },
      "value": "from",
      "start": 174,
      "end": 178,
      "loc": {
        "start": {
          "line": 4,
          "column": 26
        },
        "end": {
          "line": 4,
          "column": 30
        }
      }
    },
    {
      "type": {
        "label": "string",
        "beforeExpr": false,
        "startsExpr": true,
        "rightAssociative": false,
        "isLoop": false,
        "isAssign": false,
        "prefix": false,
        "postfix": false,
        "binop": null,
        "updateContext": null
      },
      "value": "./Relation/HasOne",
      "start": 179,
      "end": 198,
      "loc": {
        "start": {
          "line": 4,
          "column": 31
        },
        "end": {
          "line": 4,
          "column": 50
        }
      }
    },
    {
      "type": {
        "label": "[",
        "beforeExpr": true,
        "startsExpr": true,
        "rightAssociative": false,
        "isLoop": false,
        "isAssign": false,
        "prefix": false,
        "postfix": false,
        "binop": null,
        "updateContext": null
      },
      "start": 200,
      "end": 201,
      "loc": {
        "start": {
          "line": 6,
          "column": 0
        },
        "end": {
          "line": 6,
          "column": 1
        }
      }
    },
    {
      "type": {
        "label": "name",
        "beforeExpr": false,
        "startsExpr": true,
        "rightAssociative": false,
        "isLoop": false,
        "isAssign": false,
        "prefix": false,
        "postfix": false,
        "binop": null
      },
      "value": "BelongsToRelation",
      "start": 201,
      "end": 218,
      "loc": {
        "start": {
          "line": 6,
          "column": 1
        },
        "end": {
          "line": 6,
          "column": 18
        }
      }
    },
    {
      "type": {
        "label": ",",
        "beforeExpr": true,
        "startsExpr": false,
        "rightAssociative": false,
        "isLoop": false,
        "isAssign": false,
        "prefix": false,
        "postfix": false,
        "binop": null,
        "updateContext": null
      },
      "start": 218,
      "end": 219,
      "loc": {
        "start": {
          "line": 6,
          "column": 18
        },
        "end": {
          "line": 6,
          "column": 19
        }
      }
    },
    {
      "type": {
        "label": "name",
        "beforeExpr": false,
        "startsExpr": true,
        "rightAssociative": false,
        "isLoop": false,
        "isAssign": false,
        "prefix": false,
        "postfix": false,
        "binop": null
      },
      "value": "HasManyRelation",
      "start": 220,
      "end": 235,
      "loc": {
        "start": {
          "line": 6,
          "column": 20
        },
        "end": {
          "line": 6,
          "column": 35
        }
      }
    },
    {
      "type": {
        "label": ",",
        "beforeExpr": true,
        "startsExpr": false,
        "rightAssociative": false,
        "isLoop": false,
        "isAssign": false,
        "prefix": false,
        "postfix": false,
        "binop": null,
        "updateContext": null
      },
      "start": 235,
      "end": 236,
      "loc": {
        "start": {
          "line": 6,
          "column": 35
        },
        "end": {
          "line": 6,
          "column": 36
        }
      }
    },
    {
      "type": {
        "label": "name",
        "beforeExpr": false,
        "startsExpr": true,
        "rightAssociative": false,
        "isLoop": false,
        "isAssign": false,
        "prefix": false,
        "postfix": false,
        "binop": null
      },
      "value": "HasOneRelation",
      "start": 237,
      "end": 251,
      "loc": {
        "start": {
          "line": 6,
          "column": 37
        },
        "end": {
          "line": 6,
          "column": 51
        }
      }
    },
    {
      "type": {
        "label": "]",
        "beforeExpr": false,
        "startsExpr": false,
        "rightAssociative": false,
        "isLoop": false,
        "isAssign": false,
        "prefix": false,
        "postfix": false,
        "binop": null,
        "updateContext": null
      },
      "start": 251,
      "end": 252,
      "loc": {
        "start": {
          "line": 6,
          "column": 51
        },
        "end": {
          "line": 6,
          "column": 52
        }
      }
    },
    {
      "type": {
        "label": ".",
        "beforeExpr": false,
        "startsExpr": false,
        "rightAssociative": false,
        "isLoop": false,
        "isAssign": false,
        "prefix": false,
        "postfix": false,
        "binop": null,
        "updateContext": null
      },
      "start": 252,
      "end": 253,
      "loc": {
        "start": {
          "line": 6,
          "column": 52
        },
        "end": {
          "line": 6,
          "column": 53
        }
      }
    },
    {
      "type": {
        "label": "name",
        "beforeExpr": false,
        "startsExpr": true,
        "rightAssociative": false,
        "isLoop": false,
        "isAssign": false,
        "prefix": false,
        "postfix": false,
        "binop": null
      },
      "value": "forEach",
      "start": 253,
      "end": 260,
      "loc": {
        "start": {
          "line": 6,
          "column": 53
        },
        "end": {
          "line": 6,
          "column": 60
        }
      }
    },
    {
      "type": {
        "label": "(",
        "beforeExpr": true,
        "startsExpr": true,
        "rightAssociative": false,
        "isLoop": false,
        "isAssign": false,
        "prefix": false,
        "postfix": false,
        "binop": null
      },
      "start": 260,
      "end": 261,
      "loc": {
        "start": {
          "line": 6,
          "column": 60
        },
        "end": {
          "line": 6,
          "column": 61
        }
      }
    },
    {
      "type": {
        "label": "function",
        "keyword": "function",
        "beforeExpr": false,
        "startsExpr": true,
        "rightAssociative": false,
        "isLoop": false,
        "isAssign": false,
        "prefix": false,
        "postfix": false,
        "binop": null
      },
      "value": "function",
      "start": 261,
      "end": 269,
      "loc": {
        "start": {
          "line": 6,
          "column": 61
        },
        "end": {
          "line": 6,
          "column": 69
        }
      }
    },
    {
      "type": {
        "label": "(",
        "beforeExpr": true,
        "startsExpr": true,
        "rightAssociative": false,
        "isLoop": false,
        "isAssign": false,
        "prefix": false,
        "postfix": false,
        "binop": null
      },
      "start": 270,
      "end": 271,
      "loc": {
        "start": {
          "line": 6,
          "column": 70
        },
        "end": {
          "line": 6,
          "column": 71
        }
      }
    },
    {
      "type": {
        "label": "name",
        "beforeExpr": false,
        "startsExpr": true,
        "rightAssociative": false,
        "isLoop": false,
        "isAssign": false,
        "prefix": false,
        "postfix": false,
        "binop": null
      },
      "value": "RelationType",
      "start": 271,
      "end": 283,
      "loc": {
        "start": {
          "line": 6,
          "column": 71
        },
        "end": {
          "line": 6,
          "column": 83
        }
      }
    },
    {
      "type": {
        "label": ")",
        "beforeExpr": false,
        "startsExpr": false,
        "rightAssociative": false,
        "isLoop": false,
        "isAssign": false,
        "prefix": false,
        "postfix": false,
        "binop": null
      },
      "start": 283,
      "end": 284,
      "loc": {
        "start": {
          "line": 6,
          "column": 83
        },
        "end": {
          "line": 6,
          "column": 84
        }
      }
    },
    {
      "type": {
        "label": "{",
        "beforeExpr": true,
        "startsExpr": true,
        "rightAssociative": false,
        "isLoop": false,
        "isAssign": false,
        "prefix": false,
        "postfix": false,
        "binop": null
      },
      "start": 285,
      "end": 286,
      "loc": {
        "start": {
          "line": 6,
          "column": 85
        },
        "end": {
          "line": 6,
          "column": 86
        }
      }
    },
    {
      "type": {
        "label": "name",
        "beforeExpr": false,
        "startsExpr": true,
        "rightAssociative": false,
        "isLoop": false,
        "isAssign": false,
        "prefix": false,
        "postfix": false,
        "binop": null
      },
      "value": "Relation",
      "start": 289,
      "end": 297,
      "loc": {
        "start": {
          "line": 7,
          "column": 2
        },
        "end": {
          "line": 7,
          "column": 10
        }
      }
    },
    {
      "type": {
        "label": "[",
        "beforeExpr": true,
        "startsExpr": true,
        "rightAssociative": false,
        "isLoop": false,
        "isAssign": false,
        "prefix": false,
        "postfix": false,
        "binop": null,
        "updateContext": null
      },
      "start": 297,
      "end": 298,
      "loc": {
        "start": {
          "line": 7,
          "column": 10
        },
        "end": {
          "line": 7,
          "column": 11
        }
      }
    },
    {
      "type": {
        "label": "name",
        "beforeExpr": false,
        "startsExpr": true,
        "rightAssociative": false,
        "isLoop": false,
        "isAssign": false,
        "prefix": false,
        "postfix": false,
        "binop": null
      },
      "value": "RelationType",
      "start": 298,
      "end": 310,
      "loc": {
        "start": {
          "line": 7,
          "column": 11
        },
        "end": {
          "line": 7,
          "column": 23
        }
      }
    },
    {
      "type": {
        "label": ".",
        "beforeExpr": false,
        "startsExpr": false,
        "rightAssociative": false,
        "isLoop": false,
        "isAssign": false,
        "prefix": false,
        "postfix": false,
        "binop": null,
        "updateContext": null
      },
      "start": 310,
      "end": 311,
      "loc": {
        "start": {
          "line": 7,
          "column": 23
        },
        "end": {
          "line": 7,
          "column": 24
        }
      }
    },
    {
      "type": {
        "label": "name",
        "beforeExpr": false,
        "startsExpr": true,
        "rightAssociative": false,
        "isLoop": false,
        "isAssign": false,
        "prefix": false,
        "postfix": false,
        "binop": null
      },
      "value": "TYPE_NAME",
      "start": 311,
      "end": 320,
      "loc": {
        "start": {
          "line": 7,
          "column": 24
        },
        "end": {
          "line": 7,
          "column": 33
        }
      }
    },
    {
      "type": {
        "label": "]",
        "beforeExpr": false,
        "startsExpr": false,
        "rightAssociative": false,
        "isLoop": false,
        "isAssign": false,
        "prefix": false,
        "postfix": false,
        "binop": null,
        "updateContext": null
      },
      "start": 320,
      "end": 321,
      "loc": {
        "start": {
          "line": 7,
          "column": 33
        },
        "end": {
          "line": 7,
          "column": 34
        }
      }
    },
    {
      "type": {
        "label": "=",
        "beforeExpr": true,
        "startsExpr": false,
        "rightAssociative": false,
        "isLoop": false,
        "isAssign": true,
        "prefix": false,
        "postfix": false,
        "binop": null,
        "updateContext": null
      },
      "value": "=",
      "start": 322,
      "end": 323,
      "loc": {
        "start": {
          "line": 7,
          "column": 35
        },
        "end": {
          "line": 7,
          "column": 36
        }
      }
    },
    {
      "type": {
        "label": "function",
        "keyword": "function",
        "beforeExpr": false,
        "startsExpr": true,
        "rightAssociative": false,
        "isLoop": false,
        "isAssign": false,
        "prefix": false,
        "postfix": false,
        "binop": null
      },
      "value": "function",
      "start": 324,
      "end": 332,
      "loc": {
        "start": {
          "line": 7,
          "column": 37
        },
        "end": {
          "line": 7,
          "column": 45
        }
      }
    },
    {
      "type": {
        "label": "(",
        "beforeExpr": true,
        "startsExpr": true,
        "rightAssociative": false,
        "isLoop": false,
        "isAssign": false,
        "prefix": false,
        "postfix": false,
        "binop": null
      },
      "start": 333,
      "end": 334,
      "loc": {
        "start": {
          "line": 7,
          "column": 46
        },
        "end": {
          "line": 7,
          "column": 47
        }
      }
    },
    {
      "type": {
        "label": "name",
        "beforeExpr": false,
        "startsExpr": true,
        "rightAssociative": false,
        "isLoop": false,
        "isAssign": false,
        "prefix": false,
        "postfix": false,
        "binop": null
      },
      "value": "related",
      "start": 334,
      "end": 341,
      "loc": {
        "start": {
          "line": 7,
          "column": 47
        },
        "end": {
          "line": 7,
          "column": 54
        }
      }
    },
    {
      "type": {
        "label": ",",
        "beforeExpr": true,
        "startsExpr": false,
        "rightAssociative": false,
        "isLoop": false,
        "isAssign": false,
        "prefix": false,
        "postfix": false,
        "binop": null,
        "updateContext": null
      },
      "start": 341,
      "end": 342,
      "loc": {
        "start": {
          "line": 7,
          "column": 54
        },
        "end": {
          "line": 7,
          "column": 55
        }
      }
    },
    {
      "type": {
        "label": "name",
        "beforeExpr": false,
        "startsExpr": true,
        "rightAssociative": false,
        "isLoop": false,
        "isAssign": false,
        "prefix": false,
        "postfix": false,
        "binop": null
      },
      "value": "options",
      "start": 343,
      "end": 350,
      "loc": {
        "start": {
          "line": 7,
          "column": 56
        },
        "end": {
          "line": 7,
          "column": 63
        }
      }
    },
    {
      "type": {
        "label": ")",
        "beforeExpr": false,
        "startsExpr": false,
        "rightAssociative": false,
        "isLoop": false,
        "isAssign": false,
        "prefix": false,
        "postfix": false,
        "binop": null
      },
      "start": 350,
      "end": 351,
      "loc": {
        "start": {
          "line": 7,
          "column": 63
        },
        "end": {
          "line": 7,
          "column": 64
        }
      }
    },
    {
      "type": {
        "label": "{",
        "beforeExpr": true,
        "startsExpr": true,
        "rightAssociative": false,
        "isLoop": false,
        "isAssign": false,
        "prefix": false,
        "postfix": false,
        "binop": null
      },
      "start": 352,
      "end": 353,
      "loc": {
        "start": {
          "line": 7,
          "column": 65
        },
        "end": {
          "line": 7,
          "column": 66
        }
      }
    },
    {
      "type": {
        "label": "return",
        "keyword": "return",
        "beforeExpr": true,
        "startsExpr": false,
        "rightAssociative": false,
        "isLoop": false,
        "isAssign": false,
        "prefix": false,
        "postfix": false,
        "binop": null,
        "updateContext": null
      },
      "value": "return",
      "start": 358,
      "end": 364,
      "loc": {
        "start": {
          "line": 8,
          "column": 4
        },
        "end": {
          "line": 8,
          "column": 10
        }
      }
    },
    {
      "type": {
        "label": "new",
        "keyword": "new",
        "beforeExpr": true,
        "startsExpr": true,
        "rightAssociative": false,
        "isLoop": false,
        "isAssign": false,
        "prefix": false,
        "postfix": false,
        "binop": null,
        "updateContext": null
      },
      "value": "new",
      "start": 365,
      "end": 368,
      "loc": {
        "start": {
          "line": 8,
          "column": 11
        },
        "end": {
          "line": 8,
          "column": 14
        }
      }
    },
    {
      "type": {
        "label": "name",
        "beforeExpr": false,
        "startsExpr": true,
        "rightAssociative": false,
        "isLoop": false,
        "isAssign": false,
        "prefix": false,
        "postfix": false,
        "binop": null
      },
      "value": "RelationType",
      "start": 369,
      "end": 381,
      "loc": {
        "start": {
          "line": 8,
          "column": 15
        },
        "end": {
          "line": 8,
          "column": 27
        }
      }
    },
    {
      "type": {
        "label": "(",
        "beforeExpr": true,
        "startsExpr": true,
        "rightAssociative": false,
        "isLoop": false,
        "isAssign": false,
        "prefix": false,
        "postfix": false,
        "binop": null
      },
      "start": 381,
      "end": 382,
      "loc": {
        "start": {
          "line": 8,
          "column": 27
        },
        "end": {
          "line": 8,
          "column": 28
        }
      }
    },
    {
      "type": {
        "label": "name",
        "beforeExpr": false,
        "startsExpr": true,
        "rightAssociative": false,
        "isLoop": false,
        "isAssign": false,
        "prefix": false,
        "postfix": false,
        "binop": null
      },
      "value": "related",
      "start": 382,
      "end": 389,
      "loc": {
        "start": {
          "line": 8,
          "column": 28
        },
        "end": {
          "line": 8,
          "column": 35
        }
      }
    },
    {
      "type": {
        "label": ",",
        "beforeExpr": true,
        "startsExpr": false,
        "rightAssociative": false,
        "isLoop": false,
        "isAssign": false,
        "prefix": false,
        "postfix": false,
        "binop": null,
        "updateContext": null
      },
      "start": 389,
      "end": 390,
      "loc": {
        "start": {
          "line": 8,
          "column": 35
        },
        "end": {
          "line": 8,
          "column": 36
        }
      }
    },
    {
      "type": {
        "label": "name",
        "beforeExpr": false,
        "startsExpr": true,
        "rightAssociative": false,
        "isLoop": false,
        "isAssign": false,
        "prefix": false,
        "postfix": false,
        "binop": null
      },
      "value": "options",
      "start": 391,
      "end": 398,
      "loc": {
        "start": {
          "line": 8,
          "column": 37
        },
        "end": {
          "line": 8,
          "column": 44
        }
      }
    },
    {
      "type": {
        "label": ")",
        "beforeExpr": false,
        "startsExpr": false,
        "rightAssociative": false,
        "isLoop": false,
        "isAssign": false,
        "prefix": false,
        "postfix": false,
        "binop": null
      },
      "start": 398,
      "end": 399,
      "loc": {
        "start": {
          "line": 8,
          "column": 44
        },
        "end": {
          "line": 8,
          "column": 45
        }
      }
    },
    {
      "type": {
        "label": "}",
        "beforeExpr": false,
        "startsExpr": false,
        "rightAssociative": false,
        "isLoop": false,
        "isAssign": false,
        "prefix": false,
        "postfix": false,
        "binop": null
      },
      "start": 402,
      "end": 403,
      "loc": {
        "start": {
          "line": 9,
          "column": 2
        },
        "end": {
          "line": 9,
          "column": 3
        }
      }
    },
    {
      "type": {
        "label": "}",
        "beforeExpr": false,
        "startsExpr": false,
        "rightAssociative": false,
        "isLoop": false,
        "isAssign": false,
        "prefix": false,
        "postfix": false,
        "binop": null
      },
      "start": 404,
      "end": 405,
      "loc": {
        "start": {
          "line": 10,
          "column": 0
        },
        "end": {
          "line": 10,
          "column": 1
        }
      }
    },
    {
      "type": {
        "label": ")",
        "beforeExpr": false,
        "startsExpr": false,
        "rightAssociative": false,
        "isLoop": false,
        "isAssign": false,
        "prefix": false,
        "postfix": false,
        "binop": null
      },
      "start": 405,
      "end": 406,
      "loc": {
        "start": {
          "line": 10,
          "column": 1
        },
        "end": {
          "line": 10,
          "column": 2
        }
      }
    },
    {
      "type": {
        "label": "export",
        "keyword": "export",
        "beforeExpr": false,
        "startsExpr": false,
        "rightAssociative": false,
        "isLoop": false,
        "isAssign": false,
        "prefix": false,
        "postfix": false,
        "binop": null,
        "updateContext": null
      },
      "value": "export",
      "start": 408,
      "end": 414,
      "loc": {
        "start": {
          "line": 12,
          "column": 0
        },
        "end": {
          "line": 12,
          "column": 6
        }
      }
    },
    {
      "type": {
        "label": "{",
        "beforeExpr": true,
        "startsExpr": true,
        "rightAssociative": false,
        "isLoop": false,
        "isAssign": false,
        "prefix": false,
        "postfix": false,
        "binop": null
      },
      "start": 415,
      "end": 416,
      "loc": {
        "start": {
          "line": 12,
          "column": 7
        },
        "end": {
          "line": 12,
          "column": 8
        }
      }
    },
    {
      "type": {
        "label": "name",
        "beforeExpr": false,
        "startsExpr": true,
        "rightAssociative": false,
        "isLoop": false,
        "isAssign": false,
        "prefix": false,
        "postfix": false,
        "binop": null
      },
      "value": "belongsToType",
      "start": 417,
      "end": 430,
      "loc": {
        "start": {
          "line": 12,
          "column": 9
        },
        "end": {
          "line": 12,
          "column": 22
        }
      }
    },
    {
      "type": {
        "label": ",",
        "beforeExpr": true,
        "startsExpr": false,
        "rightAssociative": false,
        "isLoop": false,
        "isAssign": false,
        "prefix": false,
        "postfix": false,
        "binop": null,
        "updateContext": null
      },
      "start": 430,
      "end": 431,
      "loc": {
        "start": {
          "line": 12,
          "column": 22
        },
        "end": {
          "line": 12,
          "column": 23
        }
      }
    },
    {
      "type": {
        "label": "name",
        "beforeExpr": false,
        "startsExpr": true,
        "rightAssociative": false,
        "isLoop": false,
        "isAssign": false,
        "prefix": false,
        "postfix": false,
        "binop": null
      },
      "value": "hasManyType",
      "start": 432,
      "end": 443,
      "loc": {
        "start": {
          "line": 12,
          "column": 24
        },
        "end": {
          "line": 12,
          "column": 35
        }
      }
    },
    {
      "type": {
        "label": ",",
        "beforeExpr": true,
        "startsExpr": false,
        "rightAssociative": false,
        "isLoop": false,
        "isAssign": false,
        "prefix": false,
        "postfix": false,
        "binop": null,
        "updateContext": null
      },
      "start": 443,
      "end": 444,
      "loc": {
        "start": {
          "line": 12,
          "column": 35
        },
        "end": {
          "line": 12,
          "column": 36
        }
      }
    },
    {
      "type": {
        "label": "name",
        "beforeExpr": false,
        "startsExpr": true,
        "rightAssociative": false,
        "isLoop": false,
        "isAssign": false,
        "prefix": false,
        "postfix": false,
        "binop": null
      },
      "value": "hasOneType",
      "start": 445,
      "end": 455,
      "loc": {
        "start": {
          "line": 12,
          "column": 37
        },
        "end": {
          "line": 12,
          "column": 47
        }
      }
    },
    {
      "type": {
        "label": ",",
        "beforeExpr": true,
        "startsExpr": false,
        "rightAssociative": false,
        "isLoop": false,
        "isAssign": false,
        "prefix": false,
        "postfix": false,
        "binop": null,
        "updateContext": null
      },
      "start": 455,
      "end": 456,
      "loc": {
        "start": {
          "line": 12,
          "column": 47
        },
        "end": {
          "line": 12,
          "column": 48
        }
      }
    },
    {
      "type": {
        "label": "name",
        "beforeExpr": false,
        "startsExpr": true,
        "rightAssociative": false,
        "isLoop": false,
        "isAssign": false,
        "prefix": false,
        "postfix": false,
        "binop": null
      },
      "value": "Relation",
      "start": 457,
      "end": 465,
      "loc": {
        "start": {
          "line": 12,
          "column": 49
        },
        "end": {
          "line": 12,
          "column": 57
        }
      }
    },
    {
      "type": {
        "label": "}",
        "beforeExpr": false,
        "startsExpr": false,
        "rightAssociative": false,
        "isLoop": false,
        "isAssign": false,
        "prefix": false,
        "postfix": false,
        "binop": null
      },
      "start": 466,
      "end": 467,
      "loc": {
        "start": {
          "line": 12,
          "column": 58
        },
        "end": {
          "line": 12,
          "column": 59
        }
      }
    },
    {
      "type": {
        "label": "name",
        "beforeExpr": false,
        "startsExpr": true,
        "rightAssociative": false,
        "isLoop": false,
        "isAssign": false,
        "prefix": false,
        "postfix": false,
        "binop": null
      },
      "value": "from",
      "start": 468,
      "end": 472,
      "loc": {
        "start": {
          "line": 12,
          "column": 60
        },
        "end": {
          "line": 12,
          "column": 64
        }
      }
    },
    {
      "type": {
        "label": "string",
        "beforeExpr": false,
        "startsExpr": true,
        "rightAssociative": false,
        "isLoop": false,
        "isAssign": false,
        "prefix": false,
        "postfix": false,
        "binop": null,
        "updateContext": null
      },
      "value": "./Relation",
      "start": 473,
      "end": 485,
      "loc": {
        "start": {
          "line": 12,
          "column": 65
        },
        "end": {
          "line": 12,
          "column": 77
        }
      }
    },
    {
      "type": {
        "label": "eof",
        "beforeExpr": false,
        "startsExpr": false,
        "rightAssociative": false,
        "isLoop": false,
        "isAssign": false,
        "prefix": false,
        "postfix": false,
        "binop": null,
        "updateContext": null
      },
      "start": 486,
      "end": 486,
      "loc": {
        "start": {
          "line": 13,
          "column": 0
        },
        "end": {
          "line": 13,
          "column": 0
        }
      }
    }
  ]
}